,COD INEP,Escola,mat_2020,mat_2019,mat_2018,mat_2017,Latitude,Longitude,Natureza - 2017,Humanidades - 2017,Linguagens - 2017,Matemática - 2017,Redação - 2017,Natureza - 2018,Humanidades - 2018,Linguagens - 2018,Matemática - 2018,Redação - 2018,Natureza - 2019,Humanidades - 2019,Linguagens - 2019,Matemática - 2019,Redação - 2019
0,25072030,ECI NENZINHA CUNHA LIMA,183.0,360.0,392.0,457.0,-7.230401,-35.86651,471,496,475,465,476,452,512,460,481,415,479,503,510,498,590
1,25072005,EEEFM ADEMAR VELOSO SILVEIRA,984.0,996.0,1129.0,991.0,-7.217903,-35.91537,501,488,483,475,464,476,543,502,521,503,454,479,501,473,572
2,25072021,EEEFM SEN ARGEMIRO DE FIGUEIREDO,1163.0,1176.0,1300.0,1272.0,-7.238583919,-35.87544805,497,509,495,499,533,483,564,511,509,508,457,487,502,484,566
3,25072307,ECI SOLON DE LUCENA,335.0,411.0,598.0,834.0,-7.215672992,-35.88184403,478,492,484,494,542,484,569,520,514,507,475,499,513,497,609
4,25072404,EEEFM RUBENS DUTRA II,208.0,217.0,233.0,378.0,-7.271548333,-36.09744,500,486,478,513,438,445,508,447,486,432,402,459,544,472,0
5,25120670,EEEFM MAJOR VENEZIANO VITAL DO REGO,1578.0,1668.0,1904.0,2005.0,-7.27079349,-35.92153755,476,469,484,462,476,454,521,472,485,407,434,451,465,460,450
6,25072277,ECI MONTE CARMELO,546.0,547.0,607.0,1247.0,-7.22164071,-35.90327493,481,463,484,454,482,431,503,472,446,405,416,444,465,452,453
7,25076590,EEEFM JOSE MIGUEL LEAO,856.0,934.0,956.0,1015.0,-7.18544759,-35.98547937,484,489,483,475,511,448,527,479,477,445,426,461,478,458,492
8,25072129,EEEFM SAO SEBASTIAO,685.0,774.0,849.0,879.0,-7.211707022,-35.88010874,479,487,477,494,531,458,527,474,477,463,441,477,485,463,570
9,25072099,ECI ASSIS CHATEAUBRIAND,739.0,852.0,952.0,1406.0,-7.21639734,-35.86787026,479,477,475,466,522,462,517,495,496,457,424,455,481,448,502
10,25072137,ECIT PROF ANESIO LEAO,423.0,452.0,473.0,1041.0,-7.19902859,-35.89540554,493,493,487,480,526,495,571,519,466,450,424,459,477,487,606
11,25152815,EEEFM ISABEL RODRIGUES DE MELO,367.0,362.0,350.0,354.0,-7.30547366,-35.78011773,498,501,501,496,489,447,525,466,481,401,462,489,503,480,594
12,25117459,ECI PREFEITO WILLIAMS DE SOUSA ARRUDA,156.0,258.0,316.0,347.0,-7.1853753,-35.9052196,468,488,488,486,514,458,498,487,468,436,451,473,479,438,400
13,25072064,EEEF MARIA AUGUSTA LUCENA BRITO,235.0,224.0,244.0,373.0,-7.254715441,-35.96546205,462,426,412,450,433,494,579,530,558,605,477,514,537,479,646
14,25072110,ECI FELIX ARAUJO,596.0,683.0,760.0,1392.0,-7.24288145,-35.89412719,485,491,490,484,537,475,563,514,522,478,468,491,501,504,555
15,25076582,EEEFM IRMA JOAQUINA SAMPAIO,256.0,313.0,465.0,639.0,-7.20854794,-35.94704154,472,475,483,467,495,466,509,476,470,429,441,471,467,464,533
16,25072145,EEEFM DOM LUIZ GONZAGA FERNANDES,389.0,473.0,452.0,541.0,-7.24154382,-35.92635487,500,497,491,492,501,490,534,506,495,519,457,495,514,487,594
17,25114808,ECI PROFESSOR ITAN PEREIRA,548.0,597.0,647.0,1370.0,-7.2173444,-35.92349608,483,486,488,486,551,463,536,489,513,445,461,475,489,474,575
18,25072102,ECI DEP ALVARO GALDENCIO DE QUEIROZ,419.0,300.0,441.0,653.0,-7.245606361,-35.92163284,483,489,491,475,516,475,551,509,503,523,480,526,518,503,642
19,25070703,CAIC JOSE JOFILLY,467.0,443.0,396.0,533.0,-7.245217524,-35.91762319,498,494,477,463,500,463,533,494,492,461,427,458,478,472,545
20,25072218,EEEFM CLEMENTINO PROCOPIO,439.0,516.0,651.0,740.0,-7.225129,-35.89035,489,492,486,477,502,475,543,503,494,491,440,490,505,473,582
21,25072420,ECIT DR ELPIDIO DE ALMEIDA,701.0,910.0,1107.0,1525.0,-7.220745,-35.89807667,500,507,506,503,574,478,559,522,520,533,466,509,520,512,647
22,25072013,ECI RAUL CORDULA,341.0,401.0,712.0,1695.0,-7.2522947,-35.90650095,486,507,501,498,571,481,538,504,507,507,460,490,505,489,593
23,25076400,EEEFM PROF ANTONIO OLIVEIRA,395.0,449.0,473.0,470.0,-7.2399558,-35.91219508,481,492,493,480,534,443,528,483,485,473,428,481,493,455,566
24,25072412,ECIEEM ESCRITOR VIRGINIUS DA GAMA E MELO,133.0,223.0,284.0,725.0,-7.233548,-35.92699,500,503,493,498,555,468,550,518,513,532,446,484,497,487,548
25,25072153,ECI SEVERINO CABRAL,242.0,264.0,267.0,422.0,-7.226313659,-35.91882843,501,509,507,501,575,502,582,540,521,599,492,536,539,534,683
26,25072439,ECI HORTENCIO SOUSA RIBEIRO PREMEN,356.0,525.0,558.0,539.0,-7.23551057,-35.87243033,496,493,500,498,530,471,551,516,514,522,471,502,525,542,618
27,25098357,ECI LYCEU PARAIBANO,580.0,828.0,2276.0,2015.0,-7.1212106,-34.8760651,492,499,503,507,535,474,546,514,519,503,457,498,518,493,603
28,25094653,EEEM PROFESSOR ORLANDO CAVALCANTI GOMES,1567.0,737.0,848.0,788.0,-7.15748963,-34.87384283,467,459,470,458,460,454,513,476,488,391,432,448,473,449,483
29,25096702,ESCOLA CIDADA INTEGRAL ESTADUAL PROFESSORA MARIA DO CARMO DE MIRANDA,264.0,237.0,217.0,791.0,-7.12716883,-34.88017535,478,480,483,471,459,471,544,510,507,480,434,480,508,470,575
30,25114506,EEEFM PROF JOSE BAPTISTA DE MELLO,689.0,590.0,781.0,686.0,-7.16439364,-34.83150631,469,482,477,476,489,447,535,493,502,466,446,462,471,460,475
31,25092871,CENTRO PROFIS DEP ANTONIO CABRAL,1522.0,1475.0,1550.0,1563.0,-7.202389101,-34.84637188,487,501,495,501,526,476,547,518,512,525,454,495,513,494,611
32,25094114,ECIT ALICE CARNEIRO,585.0,550.0,502.0,552.0,-7.10552108,-34.83662004,483,440,457,499,423,453,532,490,476,388,453,476,493,479,479
33,25097725,INSTITUTO DE EDUCACAO DA PARAIBA - IEP,915.0,1142.0,1077.0,1228.0,-7.122515431,-34.87516765,490,489,496,488,489,454,540,504,496,436,445,480,503,493,539
34,25094122,CPM-ESTUDANTE REBECA CRISTINA ALVES SIMOES,622.0,603.0,587.0,542.0,-7.171651949,-34.82791769,507,520,512,532,612,488,561,523,533,555,460,504,515,521,653
35,25097091,ESCOLA ESTADUAL DE ENSINO FUNDAMENTAL E MEDIO AUDIOCOMUNICACAO,399.0,329.0,488.0,327.0,-7.10705448,-34.86802957,471,485,460,474,306,443,496,476,462,349,399,468,486,496,550
36,25093975,ECI NICODEMOS NEVES,432.0,475.0,695.0,1062.0,-7.16001928,-34.8929155,467,470,477,468,472,453,518,485,499,375,440,471,490,467,456
37,25095013,EEEF PROFESSORA ANTONIA RANGEL DE FARIAS,834.0,917.0,525.0,471.0,-7.12144601,-34.85981505,468,460,463,479,428,453,517,490,480,394,455,477,494,489,562
38,25094432,EEEFM DOMINGOS JOSE DA PAIXAO,497.0,513.0,781.0,711.0,-7.218435,-34.83527,460,444,437,466,457,456,536,485,474,446,428,492,488,444,451
39,25094629,EEEF PROFª MARIA GENY DE SOUSA TIMOTEO,600.0,637.0,761.0,643.0,-7.11715039,-34.87302631,479,456,464,485,360,467,541,476,487,356,430,444,477,443,403
40,25093894,EEEM PROF PEDRO AUGUSTO PORTO CAMINHA,285.0,495.0,527.0,637.0,-7.137903478,-34.87495256,495,489,484,484,446,446,484,477,484,435,426,452,479,442,491
41,25094106,ECI LUZIA SIMOES BARTOLLINI,354.0,532.0,799.0,852.0,-7.15969491,-34.90080378,488,483,476,468,451,454,504,495,500,391,419,435,489,432,452
42,25095080,EEEFM PADRE ROMA,318.0,353.0,399.0,444.0,-7.1345366,-34.8279086,487,491,477,465,512,474,518,476,486,428,435,458,466,466,462
43,25094262,EEEF PROFESSOR JOAO JOSE DA COSTA,376.0,377.0,466.0,571.0,-7.12154019,-34.86249385,480,501,498,478,543,470,503,496,499,444,447,479,497,480,556
44,25124277,ECITE SEVERINO DIAS DE OLIVEIRA - MESTRE SIVUCA,572.0,637.0,1022.0,1083.0,-7.177197,-34.8223662,481,482,458,479,421,454,545,483,482,432,436,457,488,471,414
45,25094726,EEEFM PROF CELESTIN MALZAC,841.0,815.0,823.0,864.0,-7.200052506,-34.85156572,471,478,480,477,485,470,531,494,504,469,448,477,508,485,573
46,25094688,ECI PADRE HILDON BANDEIRA,287.0,248.0,180.0,180.0,-7.12144276,-34.86050669,468,512,487,460,458,504,564,516,515,582,474,535,551,533,626
47,25094025,EEEFM TENENTE LUCENA,616.0,857.0,908.0,757.0,-7.100328533,-34.85714229,476,482,480,488,442,455,524,480,470,389,436,467,494,471,506
48,25093860,ECI RAUL MACHADO,257.0,304.0,380.0,540.0,-7.126013953,-34.89866456,470,477,482,489,417,464,528,460,462,374,407,440,464,431,280
49,25094033,ECITE MANOEL LISBOA DE MOURA,523.0,374.0,111.0,367.0,-7.17954056,-34.89950721,463,470,466,463,396,439,508,488,484,414,431,465,476,476,487
50,25094661,EEEF PEDRO LINS VIEIRA DE MELO,280.0,556.0,584.0,542.0,-7.16971313,-34.8416628,494,486,499,492,490,480,557,516,503,483,459,487,516,487,543
51,25094637,ECIT PEDRO ANISIO BEZERRA DANTAS,381.0,405.0,341.0,523.0,-7.10585523,-34.85837862,471,494,475,470,409,450,522,495,469,417,436,471,477,470,477
52,25094742,EEEFM PROFESSORA MARIA JACY COSTA,272.0,239.0,279.0,277.0,-7.1801,-34.84354,485,483,461,474,403,468,556,494,518,432,455,496,496,465,488
53,25115049,EEEF PROF PAULO FREIRE,340.0,603.0,599.0,385.0,-7.17783951,-34.87610169,471,481,483,472,432,453,529,486,482,415,441,477,501,472,493
54,25093886,ECI FRANCISCA ASCENSAO CUNHA,218.0,187.0,154.0,184.0,-7.14820729,-34.83655872,492,502,472,473,491,456,506,489,485,380,482,519,520,540,701
55,25094181,ESCOLA CIDADA INTEGRAL ESTADUAL DE ENSINO FUNDAMENTAL E MEDIO PAPA PAULO VI,860.0,932.0,997.0,1784.0,-7.15002536,-34.89335647,478,462,479,466,476,471,528,489,499,449,438,471,493,467,500
56,25095056,ECIT OSWALDO PESSOA,633.0,670.0,761.0,1071.0,-7.1746208,-34.8943721,480,492,489,484,475,473,542,515,511,508,460,483,496,474,567
57,25114484,ECIT JOAO ROBERTO BORGES DE SOUZA,315.0,280.0,324.0,503.0,-7.17815599,-34.83944873,483,474,483,474,479,472,505,481,513,470,454,489,511,499,521
58,25093959,ECIT OLIVINA OLIVIA CARNEIRO DA CUNHA,381.0,442.0,422.0,1371.0,-7.12183653,-34.87481765,475,489,487,493,519,481,561,512,533,499,457,477,512,488,569
59,25128337,ECIT JOAO PEREIRA GOMES FILHO,489.0,635.0,418.0,289.0,-7.16347054,-34.82554925,451,464,499,402,220,488,579,538,531,553,483,534,535,551,733
60,25094130,ECI HORACIO DE ALMEIDA,532.0,630.0,910.0,1081.0,-7.140833,-34.91261,483,500,490,490,518,457,549,506,499,493,449,485,506,489,547
61,25093932,ECIT DAURA SANTIAGO RANGEL,401.0,485.0,546.0,736.0,-7.167810523,-34.85488135,482,452,470,474,470,458,529,486,483,431,432,454,483,464,555
62,25094190,ECIT JOAO GOULART,280.0,401.0,453.0,484.0,-7.13658032,-34.85137043,492,512,501,502,583,469,543,513,507,485,480,514,523,502,556
63,25094203,ECI DOM JOSE MARIA PIRES,460.0,462.0,571.0,549.0,-7.182939313,-34.91988461,443,468,454,473,340,449,483,462,474,372,435,460,477,465,500
64,25093843,ESCOLA CIDADA INTEGRAL ESTADUAL DE ENSINO FUNDAMENTAL E MEDIO CONEGO FRANCISCO GOMES LIMA,379.0,330.0,501.0,833.0,-7.17706712,-34.86922289,485,503,494,497,469,451,532,490,481,425,435,454,489,452,458
65,25093878,EEEM CON LUIZ GONZAGA DE OLIVEIRA,853.0,772.0,851.0,407.0,-7.171568004,-34.83820916,488,483,488,486,523,466,552,497,506,474,450,474,500,475,509
66,25126180,ECI LINDUARTE NORONHA,357.0,356.0,308.0,362.0,-7.1952764,-34.8808253,462,467,477,485,413,459,521,495,481,377,446,479,502,482,460
67,25094777,EEEFM PROFª DEBORA DUARTE,602.0,457.0,878.0,591.0,-7.178028147,-34.88852036,487,465,469,475,495,455,532,503,501,436,426,459,477,467,524
68,25094750,ECI OLIVIO PINTO,480.0,531.0,746.0,1049.0,-7.20702959,-34.84351737,476,472,465,474,465,439,519,473,459,423,437,462,487,460,535
69,25094211,ECI JOSE DO PATROCINIO,511.0,411.0,497.0,862.0,-7.18218592,-34.8812536,476,489,475,476,452,481,544,500,499,360,439,477,492,474,424
70,25094050,ECI LUIZ GONZAGA DE ALBUQUERQUE BURITY,207.0,176.0,144.0,366.0,-7.1178433,-34.8743533,477,460,473,466,417,460,557,484,530,362,441,486,501,474,477
71,25093916,ECITE PROF RAUL CORDULA,284.0,320.0,329.0,320.0,-7.1308441,-34.857901,496,470,450,450,461,491,532,524,568,504,443,449,468,456,325
72,25094696,ECI PADRE IBIAPINA,403.0,280.0,526.0,470.0,-7.0994746,-34.8660213,483,486,465,474,448,451,520,484,466,436,418,441,440,440,332
73,25007904,EEEFM MONS CONSTANTINO VIEIRA,887.0,1030.0,991.0,776.0,-6.8870657,-38.5584065,493,484,479,481,513,474,534,491,517,454,440,465,484,484,562
74,25007785,ECIT CRISTIANO CARTAXO,224.0,304.0,167.0,412.0,-6.8916698,-38.5466218,476,485,489,477,550,437,515,469,471,405,427,465,493,469,483
75,25007742,EEEFM DOM MOISES COELHO,1055.0,984.0,1067.0,922.0,-6.890762182,-38.56160887,490,442,421,379,420,424,496,451,472,304,396,449,428,439,554
76,25007718,EEEFM PROF MANOEL MANGUEIRA LIMA,1007.0,1394.0,1158.0,874.0,-6.877794997,-38.56814819,475,476,468,468,481,446,524,462,489,398,420,450,459,451,504
77,25007726,EEEFM PROFº CRISPIM COELHO,253.0,123.0,241.0,664.0,-6.89083369,-38.56855467,473,482,470,481,509,445,523,481,452,434,481,490,518,467,575
78,25058304,ECITE DOUTOR TRAJANO NOBREGA,240.0,280.0,1093.0,1279.0,-7.06356904,-36.36241487,489,494,481,486,539,470,528,479,498,464,445,497,510,519,678
79,25018140,EEEFM CELSO MARIZ,405.0,502.0,618.0,458.0,-6.78000195,-38.23141387,448,458,447,476,401,452,581,513,473,532,427,448,473,437,455
80,25018582,ENE JOSE DE PAIVA GADELHA,808.0,1025.0,1203.0,1126.0,-6.7572732,-38.224981,482,492,469,503,518,455,530,480,501,453,441,469,489,495,578
81,25018060,EEEFM IZIDRA PACIFICO DE ARAUJO,239.0,262.0,308.0,273.0,-6.8157228,-38.3053035,444,465,460,488,500,464,486,443,487,392,425,447,487,478,560
82,25018272,EEEFM PROFª DIONE DINIZ OLIVEIRA DIAS,365.0,417.0,491.0,396.0,-6.82896122,-38.26610444,485,472,494,492,591,492,554,503,518,500,441,465,472,486,564
83,25019228,EEEFM ANTONIO TEODORO NETO,666.0,730.0,902.0,833.0,-6.7819757,-38.249008,467,500,477,450,474,442,534,503,485,407,424,468,504,475,549
84,25018639,EEEF DR THOMAZ PIRES,568.0,572.0,821.0,679.0,-6.776468333,-38.23555667,462,467,482,467,510,465,548,504,490,505,434,453,477,486,572
85,25018183,EEEFM ESTEVAM MARINHO,214.0,220.0,337.0,193.0,-6.83810841,-38.31096636,449,447,452,410,404,425,499,480,496,360,406,427,452,461,435
86,25018280,ECI MESTRE JULIO SARMENTO,590.0,595.0,601.0,573.0,-6.75773021,-38.22342271,503,514,509,522,575,481,561,511,532,537,485,534,531,561,721
87,25115723,EEEFM FELIPE TIAGO GOMES,410.0,452.0,442.0,374.0,-6.511227214,-36.35004667,473,477,467,467,455,449,519,471,482,365,447,460,467,460,410
88,25043277,EECIT PROFESSOR LORDAO,307.0,331.0,236.0,420.0,-6.50888757,-36.36402373,485,483,470,490,421,479,565,503,508,500,474,500,512,503,676
89,25043269,EEEM SEVERINO GREGORIO DANTAS,124.0,90.0,86.0,54.0,-6.435277,-36.2925,508,477,457,458,380,492,531,492,491,375,446,465,495,489,487
90,25036300,EEEFN GAMA E MELO,344.0,270.0,319.0,620.0,-7.7346545,-37.99539,473,454,457,452,386,449,513,463,465,370,419,449,471,462,418
91,25036335,ECI NOSSA SENHORA DO BOM CONSELHO,402.0,300.0,294.0,329.0,-7.7380268,-37.9949263,474,480,483,501,486,472,537,491,515,515,455,470,494,505,596
92,25061739,EEEFM IRINEU JOFFILY,1249.0,1219.0,1123.0,1177.0,-7.0181859,-35.858078,469,462,467,460,471,441,517,477,481,489,443,461,485,487,576
93,25061720,ECIEEFM MONSENHOR JOSE DA SILVA COUTINHO,310.0,456.0,565.0,767.0,-7.01647,-35.86199,498,484,481,494,516,486,550,509,508,513,467,487,504,496,572
94,25091611,EEEFM PROFESSOR PEDRO ANIBAL MOURA,462.0,392.0,393.0,379.0,-6.9672134,-34.8318038,460,470,480,481,420,464,509,455,498,352,431,435,483,459,460
95,25091620,EEEFM ABREU E LIMA,353.0,459.0,561.0,475.0,-7.07558482,-34.85156329,474,481,484,456,432,452,523,473,481,428,429,449,469,459,476
96,25091638,ECI IMACULADA CONCEICAO,276.0,385.0,514.0,399.0,-7.0297464,-34.8464451,477,466,457,461,393,445,491,464,481,368,409,442,443,427,420
97,25091549,ECI JOSE GUEDES CAVALCANTE,347.0,434.0,316.0,297.0,-6.97931568,-34.83214249,457,476,471,463,527,453,520,487,480,435,443,483,509,476,513
98,25091603,EEEFM PEDRO AMERICO,575.0,606.0,640.0,619.0,-6.97371683,-34.83243737,455,454,451,460,399,438,525,481,477,436,428,458,482,464,457
99,25065025,ENE PROF PEDRO A DE ALMEIDA,775.0,629.0,788.0,722.0,-6.7451033,-35.632915,481,455,452,466,356,459,505,477,467,437,437,464,493,471,550
100,25064894,ECIT JOSE ROCHA SOBRINHO,285.0,448.0,358.0,1045.0,-6.7396777,-35.62918259,488,485,481,483,530,489,560,524,534,548,447,497,508,498,608
101,25020927,ESCOLA CIDADA INTEGRAL AUZANIR LACERDA,234.0,337.0,440.0,760.0,-7.02150346,-37.28710661,483,494,476,477,528,466,543,499,519,482,455,492,513,509,543
102,25020935,ESCOLA CIDADA INTEGRAL ESTADUAL DE ENSINO FUNDAMENTAL E MEDIO MONSENHOR MANOEL VIEIRA,1018.0,486.0,553.0,658.0,-7.0305229,-37.2751022,487,508,492,502,538,474,539,503,528,471,462,492,508,513,584
103,25020960,EEEF CORIOLANO DE MEDEIROS,780.0,816.0,950.0,1066.0,-7.0312335,-37.2814862,460,468,472,467,519,452,521,477,492,426,447,471,481,492,520
104,25020986,EEEF RIO BRANCO,827.0,956.0,899.0,1031.0,-7.0239536,-37.2756135,468,444,470,447,388,448,509,461,482,368,453,472,498,484,540
105,25020900,EEEFM ANTONIA ARAUJO,441.0,485.0,511.0,586.0,-7.0373469,-37.3012925,486,465,467,497,452,463,504,477,494,429,448,457,471,479,493
106,25103563,EEEFM PROFESSOR JOSE GOMES ALVES,440.0,623.0,839.0,1003.0,-7.041680231,-37.27204327,476,473,470,495,433,463,522,492,481,446,446,474,484,473,475
107,25020854,ECIT EST DOUTOR DIONISIO DA COSTA,203.0,147.0,125.0,233.0,-7.0223687,-37.2651882,473,480,464,445,469,448,518,476,480,380,414,458,476,482,422
108,25020889,EEEFM LUCIA WANDERLEY DE FREITAS,57.0,98.0,117.0,119.0,-6.94935,-37.39244833,468,481,496,496,486,475,505,431,497,425,448,443,469,485,475
109,25064142,EEEF ALVARO MACHADO,473.0,476.0,546.0,622.0,-6.970502953,-35.69865435,484,386,408,514,540,429,551,435,431,333,402,460,462,449,461
110,25064126,EEEIEFM CARLOTA BARREIRA,926.0,994.0,932.0,843.0,-6.967069935,-35.70738805,488,490,478,472,556,463,538,495,476,487,443,479,487,481,599
111,25064134,ECITE MINISTRO JOSE AMERICO DE ALMEIDA,249.0,282.0,753.0,785.0,-6.968506426,-35.70008464,472,481,464,473,483,450,544,480,467,454,431,453,483,448,558
112,25100696,ESCOLA CIDADA INTEGRAL ESTADUAL DE ENSINO FUNDAMENTAL JOAO URSULO,372.0,340.0,309.0,949.0,-7.4036637,-35.1086121,472,451,463,473,469,444,547,476,496,395,415,431,449,432,461
113,25117521,EEEFM PROF GETULIO CESAR RODRIGUES GUEDES,760.0,977.0,1116.0,823.0,-7.398782331,-35.11116626,472,469,457,466,466,460,533,479,473,370,422,465,481,457,506
114,25015885,EEEFM JOAO DA MATA,298.0,288.0,324.0,306.0,-6.7696789,-37.8027012,449,444,458,464,520,437,498,458,479,371,447,484,476,504,485
115,25015893,EEEFM ARRUDA CAMARA,1026.0,1094.0,1202.0,986.0,-6.7650975,-37.7947712,481,482,472,481,507,481,561,515,525,572,459,505,506,520,633
116,25015869,ECIEEFM MONSENHOR VICENTE FREITAS,311.0,283.0,318.0,428.0,-6.7662812,-37.7985333,509,521,505,525,604,464,535,497,521,537,463,504,503,508,631
117,25082493,EEEFM OTAVIA SILVEIRA,740.0,971.0,1006.0,1254.0,-7.30867215,-35.47750292,474,481,464,459,540,451,529,485,492,466,440,455,473,456,544
118,25127659,EEEFM PEDRO HENRIQUE DA SILVA,143.0,132.0,163.0,202.0,-6.62789536,-36.06287905,456,442,426,445,465,490,464,482,463,472,408,444,455,451,490
119,25055836,EEEFM ORLANDO VENANCIO DOS SANTOS,796.0,842.0,903.0,873.0,-6.4836965,-36.1507669,480,497,478,496,503,466,539,503,503,480,453,479,494,488,568
120,25099507,ENEEFM ANISIO PEREIRA BORGES,737.0,718.0,761.0,505.0,-7.1236887,-34.97459069,466,460,470,461,481,448,537,477,486,431,418,455,485,447,467
121,25099124,EEEFM FRANCISCO LEOCADIO RIBEIRO COUTINHO,955.0,844.0,913.0,750.0,-7.1304772,-34.9587337,474,454,456,441,330,431,503,463,517,351,436,446,465,451,478
122,25099159,ECIT ENEAS CARVALHO,930.0,1079.0,972.0,1543.0,-7.1262481,-34.9844531,465,473,470,461,402,446,511,465,467,424,431,456,469,454,440
123,25116762,EEEFM LUIZ RIBEIRO LIMEIRA,546.0,656.0,559.0,496.0,-7.157867511,-34.96481882,480,485,466,450,403,493,580,516,509,498,435,464,474,476,493
124,25099957,EEEFM DE FORTE VELHO,274.0,241.0,241.0,382.0,-6.988149374,-34.87453868,491,506,427,459,320,425,533,405,460,340,413,442,489,465,460
125,25099175,ECIT MARIA HONORINA SANTIAGO,734.0,859.0,1295.0,1733.0,-7.1340782,-34.9779755,465,462,465,451,457,454,543,494,494,474,426,441,454,444,495
126,25099116,ECITE PROF LUIS DE AZEVEDO SOARES,729.0,640.0,1066.0,1117.0,-7.152894,-34.96791,479,482,482,466,480,456,531,480,494,433,423,440,457,444,460
127,25099256,EEEFM MARIA DE LOURDES ARAUJO,466.0,677.0,764.0,770.0,-7.14800706,-34.9667438,472,466,463,465,435,445,510,478,486,412,437,466,500,464,492
128,25099299,EEEFM CARLOS CHAGAS,742.0,678.0,711.0,769.0,-7.15281249,-34.96513062,469,463,474,472,487,461,525,492,489,442,437,462,492,470,505
129,25089013,ECI JOSE PAULO DE FRANCA,183.0,173.0,165.0,1021.0,-7.0606352,-35.32116124,472,473,456,467,457,486,544,514,518,520,454,504,507,523,638
130,25070290,EEEF M MONS WALFREDO LEAL,731.0,775.0,477.0,472.0,-6.780338333,-35.49833,438,436,462,438,320,477,527,538,518,540,396,494,465,569,460
131,25070312,ECI AUGUSTO DE ALMEIDA,158.0,155.0,681.0,793.0,-6.7856683,-35.4963567,481,477,471,461,392,468,529,506,501,457,430,451,485,498,518
132,25077147,EEEFM JOANA EMILIA DA SILVA,467.0,901.0,883.0,990.0,-7.35954607,-35.78291526,483,497,480,471,535,471,550,501,503,460,440,473,481,471,593
133,25100033,ECIT RENATO RIBEIRO COUTINHO,850.0,981.0,1067.0,1645.0,-7.4370507,-34.910266,479,465,456,463,468,437,506,468,488,392,432,464,477,463,521
134,25102519,EEEFM ANTONIO CAMELO,543.0,509.0,566.0,460.0,-7.350586667,-34.94465167,448,454,453,453,411,457,538,472,463,360,443,484,489,500,551
135,25067460,EEEFM PROF MARIA GERTRUDES DE CARVALHO NEVES,179.0,255.0,263.0,265.0,-6.62002806,-35.47530761,467,486,475,463,483,450,499,474,484,380,443,469,484,473,604
136,25022652,EEEFM JOSE AMERICO DE ALMEIDA,304.0,404.0,388.0,431.0,-6.8482407,-37.3255449,490,481,465,469,483,437,504,472,482,430,441,471,491,467,533
137,25069357,EEEFM IVAN BICHARA SOBREIRA,341.0,357.0,355.0,365.0,-6.6716418,-35.3775913,480,471,471,476,569,443,507,460,489,470,450,465,512,490,579
138,25091000,EEEF TANCREDO NEVES,371.0,318.0,321.0,266.0,-7.123902,-34.90817,519,546,402,383,360,452,520,482,523,440,407,456,460,484,462
139,25090879,EEEFM ENG JOSE DAVILA LINS,1296.0,848.0,1459.0,1373.0,-7.12646536,-34.92900647,476,472,475,469,445,447,506,465,475,381,434,452,482,466,501
140,25090887,ECI PROF ANTONIO GOMES,1117.0,1085.0,1522.0,1493.0,-7.14565236,-34.92616751,472,457,468,462,425,451,500,472,478,361,437,483,477,470,514
141,25091018,EEEF VERALDO LEITE,289.0,278.0,353.0,429.0,-7.1261321,-34.9389477,462,428,440,429,317,443,526,487,457,417,429,432,452,439,413
142,25127594,ECIT BAYEUX ERENICE CAVALCANTE FIDELIS,395.0,441.0,423.0,381.0,-7.1245402,-34.9203511,477,465,479,490,486,467,552,523,524,481,449,503,521,508,558
143,25090909,ECIEEFM IRINEU PINTO,388.0,417.0,427.0,571.0,-7.1235029,-34.9164295,474,463,477,466,477,441,522,466,479,397,440,442,486,454,554
144,25090984,EEEFM JOAO CAETANO,516.0,570.0,585.0,734.0,-7.13769363,-34.93752379,459,471,478,453,440,446,530,488,485,428,424,444,494,473,512
145,25068709,EEEF JOHN KENNEDY,755.0,809.0,812.0,630.0,-6.8455804,-35.496112,455,466,466,468,468,456,514,466,483,428,430,453,478,459,473
146,25068628,ECIT EMILIANO CRISTO,283.0,413.0,407.0,663.0,-6.856814378,-35.48228673,456,463,465,483,464,461,542,488,510,449,412,458,471,456,557
147,25068636,ECI JOSE SOARES DE CARVALHO,397.0,602.0,768.0,895.0,-6.8544475,-35.4975409,473,490,475,477,504,460,532,495,489,471,440,464,487,479,565
148,25024558,ECITE ADVOGADO NOBEL VITA,475.0,480.0,497.0,487.0,-7.0185781,-37.9406597,482,480,470,491,519,453,518,483,518,499,454,470,483,516,592
149,25037803,EEEFM SEBASTIAO GUEDES DA SILVA,501.0,505.0,618.0,577.0,-7.222789396,-37.25559765,471,472,468,467,443,440,502,469,474,412,438,468,475,488,497
150,25027930,EEEFM MAESTRO JOSE SIQUEIRA,461.0,653.0,864.0,784.0,-7.5582783,-38.5056458,474,458,454,461,460,445,507,452,478,424,426,448,465,470,414
151,25068075,ECI SAGRADO CORACAO DE JESUS,124.0,140.0,221.0,336.0,-6.6911727,-35.4231574,484,487,475,456,505,491,530,467,508,428,425,457,478,435,482
152,25063340,EEEFM MONSENHOR JOSE BORGES DE CARVALHO,730.0,941.0,1039.0,1005.0,-7.059106459,-35.76463133,500,497,479,478,501,476,547,489,505,485,447,484,487,475,520
153,25081403,ESCOLA CIDADA INTEGRAL TECNICA ESTADUAL DE ITABAIANA DOUTOR ANTONIO BATISTA SANTIAGO,381.0,406.0,508.0,522.0,-7.3329956,-35.3419757,465,474,464,460,457,459,511,458,482,426,421,446,462,461,512
154,25069675,EEEFM MAJOR ANTONIO DE AQUINO,424.0,535.0,582.0,737.0,-7.026117,-35.4655569,454,465,452,441,414,427,464,430,454,344,443,451,475,462,449
155,25089820,EEEFM GENTIL LINS,1235.0,1256.0,1190.0,1178.0,-7.09891698,-35.23210466,473,466,463,457,475,455,522,482,486,379,431,470,483,466,540
156,25089781,ECI MONSENHOR ODILON ALVES PEDROSA,487.0,353.0,418.0,442.0,-7.09313218,-35.2289986,487,497,485,459,514,450,514,486,473,440,430,473,491,472,516
157,25090135,ENE CASSIANO RIBEIRO COUTINHO,198.0,527.0,501.0,409.0,-7.092199679,-35.22939258,469,480,472,473,485,459,533,489,478,431,446,471,491,487,546
158,25016105,EEEFM DEPUTADO LEVI OLIMPIO FERREIRA,185.0,225.0,251.0,306.0,-6.8894815,-37.727847,466,462,468,464,440,450,520,478,492,444,447,446,481,489,540
159,25034839,ECI ARLINDA PESSOA DA SILVA,286.0,267.0,262.0,276.0,-7.5459333,-37.826545,469,449,445,472,376,446,497,481,488,429,456,466,477,506,486
160,25078569,EEEF SEVERIANO PEDRO DO NASCIMENTO,476.0,462.0,349.0,416.0,-7.16871,-35.90904667,462,475,481,453,522,463,526,478,483,440,454,485,492,465,495
161,25078550,ECIT PLINIO LEMOS,330.0,344.0,311.0,1189.0,-7.146368315,-35.96399465,480,471,481,473,511,460,540,492,512,479,413,473,492,502,632
162,25029789,ECI ADILINA DE SOUZA DINIZ,226.0,199.0,192.0,235.0,-7.4301318,-38.26579478,459,455,450,457,478,450,512,475,481,431,433,467,471,511,544
163,25082922,ECI ANA RIBEIRO,348.0,388.0,619.0,790.0,-7.3553134,-35.4391014,455,469,449,451,467,424,499,463,469,393,421,443,464,462,494
164,25082949,EEEFM ARNALDO MAROJA,262.0,225.0,292.0,313.0,-7.4263241,-35.3929357,410,422,408,449,460,427,499,446,448,368,396,465,446,411,412
165,25020366,EEEM CONEGO MACHADO,66.0,103.0,118.0,187.0,-7.13696693,-37.04741815,455,497,468,460,493,422,496,441,456,360,441,470,473,462,480
166,25019813,EEEFM ALDO SATIRO XAVIER,104.0,139.0,157.0,184.0,-7.1281887,-37.1564679,451,463,453,467,455,442,491,460,483,408,436,463,487,483,474
167,25004999,EEEF DE BANDARRA,70.0,155.0,294.0,258.0,-6.58707195,-38.36727616,429,481,439,370,430,459,542,481,489,493,425,457,444,476,510
168,25004883,ECIT CORONEL JACOB GUILHERME FRANTZ,239.0,245.0,220.0,408.0,-6.72840682,-38.44756861,471,465,465,468,439,468,523,484,490,493,439,464,478,478,506
169,25030566,EEEM ADALGISA TEODULO DA FONSECA,390.0,559.0,637.0,827.0,-7.31092859,-38.15283773,472,457,457,459,449,448,495,460,482,420,434,443,460,461,495
170,25101978,EEIEFM AKAJUTIBIRO,319.0,319.0,226.0,358.0,-6.7087793,-34.9354118,455,420,434,452,355,422,522,456,462,380,442,452,434,448,378
171,25085875,EEEFM MATIAS FREIRE,372.0,374.0,555.0,411.0,-6.6861475,-34.9415514,489,487,458,475,430,437,502,465,478,407,415,449,463,453,537
172,25120778,EEIEFM PEDRO POTI,379.0,351.0,348.0,393.0,-6.6532765,-34.9865508,474,472,433,459,364,414,481,482,480,317,423,474,464,462,598
173,25128809,EEIEF INDIO PEDRO MAXIMO DE LIMA,262.0,250.0,231.0,303.0,-6.7726091,-35.017225,481,464,459,444,455,402,500,379,478,306,426,426,442,489,486
174,25120760,EEIEF M CACIQUE INIGUACU,259.0,240.0,238.0,294.0,-6.762754,-34.9544789,485,458,430,463,314,451,530,481,440,448,417,413,402,402,280
175,25087878,EEIEFM GUILHERME DA SILVEIRA,596.0,486.0,461.0,538.0,-6.787396632,-35.06620598,469,476,465,478,570,402,483,450,447,337,427,403,409,475,414
176,25088220,EEIEF CACIQUE DOMINGOS BARBOSA DOS SANTOS,413.0,365.0,413.0,532.0,-6.8014783,-35.0737868,511,437,457,457,511,447,508,457,525,360,430,444,468,454,426
177,25087860,ECI LUIZ GONZAGA BURITY,205.0,198.0,472.0,601.0,-6.805374515,-35.08193454,466,452,452,457,425,443,511,474,474,409,428,475,487,469,579
178,25039032,ECIT PADRE JERONIMO LAUWEN,559.0,601.0,590.0,574.0,-6.8710709,-36.9147566,485,477,465,483,467,460,515,485,501,434,433,467,482,473,464
179,25127977,ECIT VALE DO MAMANGUAPE JOAO DA MATA CAVALCANTI DE ALBUQUERQUE,526.0,616.0,534.0,423.0,-6.8432835,-35.1399603,480,500,489,494,477,462,544,501,507,465,446,477,504,469,540
180,25086936,EEEFM UMBELINA GARCEZ,738.0,829.0,874.0,893.0,-6.8386388,-35.1335905,462,467,464,460,497,447,515,480,482,442,417,461,480,455,522
181,25086928,EEEF PROFESSOR LUIZ APRIGIO,610.0,620.0,721.0,803.0,-6.835483778,-35.12137726,465,450,451,466,426,450,521,496,505,418,450,460,474,484,529
182,25086901,ECI RUI CARNEIRO,311.0,197.0,473.0,638.0,-6.8408464,-35.1316569,470,473,475,472,428,460,536,490,483,414,443,475,477,464,478
183,25001477,EEEFM PROFª DIVA GUEDES DE ARAUJO,348.0,582.0,510.0,492.0,-6.3772528,-37.8232727,473,457,453,474,479,448,529,486,500,447,426,470,487,468,534
184,25041185,ECI AGUITONIO DANTAS,86.0,93.0,88.0,174.0,-6.407025,-36.4526383,463,470,471,477,463,470,519,483,479,396,429,450,471,452,415
185,25056620,EEEFM JOSE ROLDERICK DE OLIVEIRA,448.0,728.0,736.0,721.0,-6.454794,-36.20705,486,469,465,471,471,453,510,482,493,416,436,454,476,466,481
186,25084526,EEEFM DR FRANCISCO DE ALBUQUERQUE MONTENEGRO,272.0,294.0,484.0,452.0,-7.63967818,-35.55234277,472,459,462,462,508,469,508,470,492,465,424,442,478,473,560
187,25042351,ECI ANTONIO COELHO DANTAS,213.0,229.0,249.0,278.0,-6.67889192,-36.42107159,497,517,487,522,540,468,551,486,496,493,460,493,494,493,647
188,25011669,E EST DE CURSO NORMAL EM NIVEL MEDIO SAO JOSE,438.0,340.0,335.0,371.0,-7.12020624,-38.50198812,489,492,485,500,496,471,546,505,501,445,428,443,469,457,500
189,25010565,EEEFM PREFº JOAQUIM LACERDA LEITE,145.0,275.0,273.0,243.0,-7.115701667,-38.49783667,494,497,485,487,458,463,522,469,485,386,438,473,484,482,516
190,25044788,EEEFM MANOEL ALVES CAMPOS,430.0,411.0,464.0,506.0,-7.79490486,-36.66098492,493,496,468,488,514,457,512,477,485,409,426,449,464,481,513
191,25081888,EEEFM JOSE R DE ATAIDE,732.0,813.0,870.0,887.0,-7.383329596,-35.6299937,472,464,453,460,458,466,546,486,490,474,440,473,470,467,522
192,25018094,EEEFM DR JOSE GADELHA,401.0,375.0,497.0,499.0,-6.7865188,-38.0856147,490,498,476,485,508,450,547,476,484,449,442,468,481,493,546
193,25122908,EEEFMN PEDRO TARGINO DA COSTA MOREIRA,559.0,507.0,619.0,757.0,-6.639261,-35.7964516,458,449,465,464,475,456,516,476,488,455,421,461,479,448,516
194,25059629,ECIEEF SENADOR HUMBERTO LUCENA,182.0,192.0,195.0,157.0,-6.6468717,-35.7882333,479,502,510,507,596,472,549,499,512,483,448,486,498,493,632
195,25080849,EEEFM LUIZ GONZAGA BURITY,567.0,500.0,584.0,495.0,-7.292586803,-35.61284537,487,493,480,461,509,464,527,472,477,447,446,462,490,498,539
196,25006223,EEEFM MONSENHOR MORAIS,302.0,314.0,349.0,328.0,-7.31714275,-38.51552991,478,475,459,487,428,448,534,484,494,427,449,479,494,479,543
197,25013840,EEEFM DR TRAJANO PIRES DA NOBREGA,431.0,416.0,547.0,570.0,-6.9066043,-37.5943953,449,472,474,465,497,456,537,488,530,513,438,477,488,482,593
198,25068342,EEEFM JOAO DE FREITAS MOUZINHO,380.0,408.0,357.0,574.0,-6.751961,-35.43931,469,469,465,460,500,458,537,490,503,503,452,477,475,469,508
199,25009931,ECI ELAINE SOARES BRASILEIRO,90.0,136.0,167.0,230.0,-6.7175683,-38.6413083,494,483,479,459,524,478,532,501,483,507,436,468,487,462,545
200,25080016,EEEFM DOM ADAUTO,1002.0,847.0,939.0,910.0,-7.1918457,-35.6827944,470,473,466,454,462,442,510,488,495,458,412,457,481,471,543
201,25027026,EEEM SANTO ANTONIO,417.0,411.0,483.0,508.0,-7.19655888,-37.92934655,486,471,461,486,464,440,506,466,492,435,439,465,479,478,482
202,25077759,ECITE FRANCISCA MARTINIANO DA ROCHA,792.0,968.0,1234.0,1419.0,-7.15602896,-35.85647295,484,491,473,482,530,464,538,489,493,468,442,456,473,460,524
203,25001825,ESC AGROTECNICA DO CAJUEIRO CAMPUS IV - UEPB,214.0,239.0,199.0,126.0,-6.352409,-37.7247,509,512,510,503,616,483,561,516,536,561,470,480,506,495,618
204,25001906,EEEIEF JOAO SUASSUNA,554.0,586.0,1100.0,866.0,-6.34662852,-37.74644327,487,474,466,477,442,458,506,468,474,389,427,444,459,475,479
205,25001833,ECI OBDULIA DANTAS,407.0,364.0,257.0,488.0,-6.3492656,-37.7479803,475,465,463,462,432,455,533,495,489,467,456,470,489,490,586
206,25083490,ECI DEP CARLOS PESSOA FILHO,467.0,532.0,965.0,1024.0,-7.5479922,-35.70517548,462,468,469,456,524,462,537,492,487,496,429,473,490,481,606
207,25060996,EEEFM DR TERCILIO TEIXEIRA DA CRUZ,336.0,276.0,331.0,342.0,-6.4878579,-35.6404323,471,471,449,450,449,429,501,477,476,475,452,472,492,474,550
208,25015320,EEEFM FRANCISCO DE SA CAVALCANTE,449.0,404.0,487.0,518.0,-6.59878,-37.62368,494,494,475,492,556,479,563,510,530,594,454,475,484,516,677
209,25080407,EEEFM JOAO RIBEIRO,874.0,908.0,1078.0,1030.0,-7.125646952,-35.42331764,470,456,446,449,415,433,511,468,466,427,441,462,476,460,484
210,25057146,EEEFM ANTONIO GALDINO FILHO,668.0,482.0,571.0,575.0,-7.074180243,-36.07627488,492,496,488,482,500,479,542,504,487,524,461,494,520,507,621
211,25086316,ECIEEFM ALZIRA LISBOA,211.0,269.0,730.0,677.0,-6.614328,-35.2857473,481,483,471,467,479,463,526,486,494,469,443,482,498,497,555
212,25080261,EEEFM MANOEL AVELINO DE PAIVA,248.0,305.0,341.0,457.0,-7.168696,-35.3502552,491,489,488,467,569,446,510,460,494,445,419,466,466,452,502
213,25080270,EEEFM DE CALDAS BRANDAO,98.0,90.0,117.0,101.0,-7.1034538,-35.3246121,433,419,477,420,470,469,523,492,491,440,406,430,472,472,465
214,25051296,EEE FUNDAMENTAL E MEDIO MELQUIADES TEJO,257.0,243.0,240.0,261.0,-7.75150201,-36.31662091,466,463,467,463,451,449,526,500,464,436,447,484,478,485,494
215,25051660,EEEFM ANA FERREIRA DA COSTA,165.0,150.0,168.0,158.0,-7.69433985,-36.15632091,464,495,467,499,447,492,527,490,489,506,474,476,490,495,603
216,25009559,EEEFM BONIFACIO SARAIVA DE MOURA,272.0,266.0,341.0,319.0,-7.21161576,-38.58134478,472,485,464,491,500,473,510,468,502,356,404,455,467,492,476
217,25110780,EEEM PROFESSORA BEATRIZ MARIA DE ABREU,305.0,312.0,310.0,302.0,-6.781011,-35.81761,471,442,455,441,400,463,539,501,504,547,438,471,512,497,625
218,25066676,ECI FRANCISCO PESSOA DE BRITO,211.0,258.0,591.0,720.0,-6.849918333,-35.37463333,466,468,462,463,473,457,531,488,487,422,435,460,485,467,603
219,25075918,EEEFM TEODOSIO DE OLIVEIRA LEDO,226.0,239.0,251.0,247.0,-7.26133711,-36.24224601,472,476,462,465,459,466,490,458,494,419,425,457,463,447,480
220,25037137,EEEFM DEP NOMINANDO MUNIZ DINIZ,194.0,206.0,368.0,319.0,-7.742468021,-38.0988995,477,471,456,459,395,433,496,430,469,402,423,446,464,460,395
221,25089250,EEEFM JOSE LINS DO REGO,458.0,665.0,848.0,1006.0,-7.26328123,-35.25458981,477,475,477,474,481,460,513,478,483,473,433,450,468,460,523
222,25084445,EEEFM JOAO DA SILVA MONTEIRO,338.0,359.0,428.0,420.0,-7.583539593,-35.78960923,480,473,453,464,451,473,549,485,493,503,436,475,489,475,540
223,25053124,EEEFM ALCIDES BEZERRA,118.0,198.0,185.0,168.0,-7.447643797,-36.40836099,479,507,486,510,519,473,532,501,509,513,462,506,518,547,644
224,25089838,EEEFM RIACHAO DO POCO,264.0,232.0,236.0,239.0,-7.14631667,-35.26341718,461,439,436,457,423,450,523,484,479,455,439,465,481,448,573
225,25014412,EEEM NESTORINA ABRANTES,113.0,100.0,120.0,123.0,-6.5146123,-38.1778723,498,505,482,470,572,460,529,475,473,513,412,439,461,452,489
226,25067869,EEEFM ODILON NELSON DANTAS,386.0,399.0,495.0,571.0,-6.904369737,-35.52670539,453,461,451,470,474,427,497,446,464,419,417,457,443,447,498
227,25039504,EEEFM OLAVO BILAC,138.0,179.0,220.0,250.0,-6.7754647,-36.7969132,481,477,482,480,452,465,535,474,484,458,443,451,464,460,486
228,25033204,EEEFM JOSE NOMINANDO,518.0,624.0,638.0,780.0,-7.516552932,-37.63704113,469,472,479,486,518,465,528,486,520,498,441,447,470,484,520
229,25050427,EEEFM JOAO ROGERIO D TOLEDO,84.0,152.0,157.0,128.0,-7.0754621,-36.73089856,477,474,472,460,552,478,560,499,482,474,438,458,493,479,529
230,25030116,EEEFMI PADRE MANOEL OTAVIANO,157.0,381.0,285.0,306.0,-7.501722,-38.40364,475,462,440,471,370,442,499,457,479,372,419,448,465,487,482
231,25006029,EEEFM PROF JOAQUIM UMBELINO,105.0,119.0,118.0,135.0,-6.813285397,-38.65284221,465,470,472,468,432,464,532,490,477,506,411,453,436,447,490
232,25023187,EEEFM MARIA DE LOURDES MEIRA,119.0,132.0,137.0,172.0,-7.1611921,-37.3054834,488,458,469,444,442,439,485,438,476,288,426,417,439,450,442
233,25088572,EEEFM FLAVIO RIBEIRO COUTINHO,592.0,518.0,939.0,697.0,-7.1415897,-35.0884533,466,478,459,471,488,444,509,452,458,465,420,448,473,453,461
234,25088530,EEEFM DEP FERNANDO MILANEZ,496.0,658.0,774.0,910.0,-7.1394356,-35.0865135,460,470,457,451,432,449,524,467,465,395,417,461,468,433,491
235,25088785,EEEFM TEONAS DA CUNHA CAVALCANTI,326.0,482.0,592.0,594.0,-7.37297797,-35.24127279,488,464,460,458,513,449,517,468,475,460,418,445,463,462,540
236,25062638,EEEFM PADRE HILDON BANDEIRA,1278.0,1359.0,1544.0,1614.0,-7.0418267,-35.6266626,482,487,475,488,525,454,519,464,481,449,439,451,477,476,527
237,25062816,ENE OSWALDO T DE ALBUQUERQUE MELO,63.0,160.0,149.0,177.0,-7.04448337,-35.62422582,482,452,456,423,590,462,518,518,485,350,447,539,541,431,573
238,25092111,EEEFM PROF JOAO DA CUNHA VINAGRE,1291.0,1128.0,1384.0,1014.0,-7.2608003,-34.9086859,475,446,443,458,445,449,524,468,478,369,428,443,455,449,454
239,25044362,ECITE PEDRO BEZERRA FILHO,222.0,186.0,269.0,302.0,-7.886786502,-36.82269526,459,466,463,474,471,451,528,501,493,455,418,486,498,455,485
240,25086049,E C I E E F M SEVERINO FELIX DE BRITO,174.0,202.0,590.0,618.0,-6.8307801,-35.2439661,477,473,461,464,453,452,502,453,484,385,432,484,499,486,529
241,25120751,ECI AURICELIA MARIA DA COSTA,452.0,496.0,446.0,860.0,-7.52120282,-34.91312084,465,463,444,462,400,439,515,467,462,408,423,439,465,453,450
242,25067133,ECI ENG MARCIA GUEDES ALCOFORADO DE CARVALHO,469.0,548.0,1063.0,1055.0,-6.7000067,-35.537,467,465,465,464,494,437,513,466,476,459,416,445,468,459,537
243,25052802,EEEFM FELIX ARAUJO,446.0,415.0,318.0,397.0,-7.41835653,-36.0204687,466,463,472,461,512,473,547,504,486,411,467,482,489,526,596
244,25031783,EEEFM PRESIDENTE KENNEDY,273.0,307.0,315.0,330.0,-7.550238333,-38.33466,493,489,479,499,497,453,518,474,511,451,409,451,452,467,450
245,25019538,ECI DR SILVA MARIZ,250.0,216.0,264.0,330.0,-6.84420171,-38.34917197,467,462,460,462,371,446,519,468,477,355,421,445,446,448,440
246,25025635,EEEFM JOAO LEITE NETO,380.0,445.0,492.0,585.0,-7.4821352,-38.0413311,480,473,477,469,522,466,500,470,490,512,428,455,460,494,521
247,25058991,EEEFM PEDRO RIBEIRO DE LIMA,168.0,135.0,173.0,140.0,-6.543605,-35.659915,450,474,461,448,450,455,519,470,477,424,407,442,469,415,566
248,25086324,EEEFM MARGARIDA DIAS,340.0,364.0,401.0,279.0,-6.63919788,-35.29268326,503,479,474,472,392,454,504,481,457,436,436,441,456,462,530
249,25078992,EEEFM FRANCISCO E DO REGO,1484.0,1565.0,2083.0,2269.0,-7.3692606,-35.9003316,475,478,465,463,493,461,535,487,492,463,428,462,477,464,539
250,25126415,EEEFM TEREZA ALVES DE MOURA,737.0,442.0,466.0,589.0,-7.29797,-35.88507289,480,493,485,495,471,473,533,508,540,495,454,495,497,476,536
251,25017080,EEEFM VALDEMIRO W DE OLIVEIRA,226.0,360.0,431.0,397.0,-6.5356413,-38.0541729,474,463,451,457,489,454,514,477,485,493,455,477,498,520,630
252,25005995,EEEFM PROFª FRANCISCA FONSECA MATIAS,212.0,192.0,172.0,190.0,-6.573578976,-38.51097867,466,464,452,467,458,446,493,449,460,428,439,473,490,467,509
253,25012940,EEEFM JOSE NILSON SANTIAGO,153.0,170.0,174.0,210.0,-6.40516936,-38.49801545,462,461,448,460,416,467,526,449,465,440,406,461,460,455,516
254,25048368,EEEFM PROF MARIA CELESTE DO NASCIMENTO,107.0,110.0,114.0,142.0,-8.0786263,-37.0953397,466,484,476,436,427,439,481,440,434,383,413,432,450,434,554
255,25098632,ECI IZAURA FALCAO DE CARVALHO,651.0,544.0,799.0,714.0,-6.89946229,-34.87375069,479,492,467,470,480,469,513,485,462,412,432,464,459,446,496
256,25070088,EEEFM SILVIO PORTO,280.0,213.0,256.0,421.0,-6.84358441,-35.52914891,462,452,464,463,406,442,505,466,494,463,441,468,481,454,478
257,25007092,EEEFM PROFº ADALBERTO DE SOUSA OLIVEIRA,356.0,502.0,526.0,553.0,-6.925675361,-38.67324494,489,481,457,467,447,475,552,497,498,464,443,459,470,464,443
258,25012916,EEEFM DR JOSE DUARTE FILHO,319.0,379.0,506.0,523.0,-6.52425814,-38.41495584,481,474,466,471,493,453,516,468,489,417,425,463,476,481,502
259,25019740,EEEM MARIA MOREIRA PINTO,162.0,148.0,165.0,132.0,-6.545692,-38.2767834,475,471,475,466,550,456,519,473,482,407,426,452,473,475,564
260,25000640,ECI JOSE OLIMPIO MAIA,223.0,178.0,183.0,366.0,-6.3492785,-37.4998924,467,465,458,460,445,442,510,466,485,384,426,431,450,461,500
261,25040014,ECI SERAFICO NOBREGA,177.0,173.0,179.0,185.0,-6.925983239,-37.09400604,521,523,506,522,530,476,537,510,541,540,464,499,510,502,566
262,25038478,ECIT EZEQUIEL FERNANDES,396.0,414.0,373.0,436.0,-6.9966515,-36.7119202,477,468,472,464,460,440,516,467,479,410,456,472,500,482,559
263,25051598,ECI PROF MARIA CECILIA DE CASTRO,145.0,148.0,194.0,221.0,-7.74361457,-36.05895468,483,512,477,492,537,460,520,481,502,452,446,477,487,497,600
264,25060406,EEEFM ARLINDO RAMALHO,791.0,673.0,708.0,516.0,-6.75747799,-35.65839899,471,468,443,443,394,442,518,472,471,411,436,460,475,466,517
265,25060376,ECI ALFREDO PESSOA DE LIMA,398.0,398.0,519.0,823.0,-6.766988333,-35.65438833,483,482,470,478,544,465,550,492,509,491,443,474,484,483,602
266,25087355,EEEFM PROF RENATO FONSECA FILHO,269.0,361.0,551.0,536.0,-6.911741453,-35.24756225,481,449,455,460,404,466,516,474,481,355,436,448,485,466,497
267,25089242,EEEFM JOCELYN VELLOSO BORGES,327.0,306.0,493.0,587.0,-7.2483879,-35.3773474,458,467,451,468,365,429,525,472,448,380,437,440,473,452,417
268,25122401,EEEFM SEVERINA RAMOS DE OLIVEIRA,389.0,357.0,346.0,300.0,-7.14296462,-35.23694741,486,484,475,480,525,474,569,527,496,486,454,493,496,493,616
269,25034219,EEEFM SANTA CATARINA,231.0,228.0,309.0,305.0,-7.3803627,-37.6250989,514,483,494,451,320,436,483,449,480,309,414,458,469,436,333
270,25034200,EEEFM MARIA DO SOCORRO RAMALHO QUIRINO,313.0,557.0,480.0,498.0,-7.39068353,-37.50452012,459,447,458,439,403,445,543,478,464,428,430,451,483,470,403
271,25016059,EEEFM MARIA SOLEDADE ASSIS FREITAS,136.0,116.0,111.0,118.0,-6.9649252,-37.7999719,452,447,446,480,527,448,511,468,489,471,436,457,470,450,571
272,25047450,EEEFM BARTOLOMEU MARACAJA,339.0,349.0,406.0,444.0,-7.392450597,-36.80719137,469,449,449,434,462,442,502,483,500,425,435,460,493,474,520
273,25084950,ECITE PRESIDENTE JOAO PESSOA,420.0,393.0,574.0,585.0,-7.696327907,-35.66646206,465,472,458,452,447,447,480,452,476,360,420,459,474,470,530
274,25101099,ECITE DURVAL GUEDES,416.0,413.0,531.0,489.0,-7.53654165,-34.82727083,464,427,419,413,460,449,517,455,476,385,400,420,463,435,493
275,25101072,EEEFM DR JOAO GONCALVES,425.0,423.0,391.0,517.0,-7.472361576,-34.80906616,493,481,482,457,481,430,491,465,447,358,439,458,464,464,503
276,25054180,EEEFM JORNALISTA JOSE LEAL RAMOS,272.0,211.0,309.0,333.0,-7.38862,-36.5374345,490,494,480,488,467,461,513,498,508,419,437,442,478,471,465
277,25066374,ECIT E AGENOR CLEMENTE DOS SANTOS,701.0,568.0,734.0,852.0,-6.9448468,-35.5420333,482,478,467,478,487,456,515,474,468,437,426,458,476,468,544
278,25037781,EEEFM ANTONIO MOACIR DANTAS CAVALCANTI,306.0,329.0,354.0,323.0,-7.265643333,-37.34649333,433,469,441,454,414,456,550,485,503,377,426,467,477,466,522
279,25014692,EEEFM DR ANTONIO F MEDEIROS,261.0,359.0,398.0,583.0,-6.9049424,-37.523519,451,465,472,512,492,472,525,495,499,361,438,454,483,479,569
280,25058975,ECI BENJAMIN MARANHAO,303.0,383.0,778.0,839.0,-6.536495844,-35.74498985,484,466,467,473,506,466,542,490,487,477,439,475,475,481,510
281,25042661,ECI GRACILIANO FONTINI LORDAO,184.0,240.0,270.0,270.0,-6.757087754,-36.46960488,471,473,452,476,451,476,514,488,506,480,439,481,494,484,565
282,25003410,EEEFM DANIEL CARNEIRO,283.0,552.0,617.0,693.0,-6.4353026,-37.6524824,484,492,485,488,522,436,501,444,476,401,419,429,453,461,374
283,25020374,EEEFM CLOVIS SATIRO,80.0,73.0,125.0,170.0,-7.1245396,-36.9470177,450,434,433,432,380,430,517,455,449,330,406,461,445,439,408
284,25000047,ECI NOSSA SENHORA DA CONCEICAO,185.0,178.0,205.0,366.0,-6.1882324,-37.53447298,467,454,459,456,533,476,535,483,498,482,449,471,475,480,675
285,25012193,EEEFM NELSON BATISTA ALVES,154.0,118.0,172.0,194.0,-6.45349015,-38.54747683,487,497,496,476,501,456,555,497,520,477,427,492,487,474,562
286,25003844,EEEFM JOAO SILVEIRA GUIMARAES,771.0,726.0,834.0,867.0,-6.501197219,-37.46010125,485,484,477,492,489,470,533,490,511,438,436,464,484,478,518
287,25048350,EEEFM MALAQUIAS BATISTA FEITOSA,167.0,167.0,306.0,210.0,-8.1546109,-37.0096914,460,464,452,423,396,447,538,490,473,400,435,443,464,465,420
288,25023489,EEEM AGENOR MENDES PEDROSA,306.0,329.0,387.0,437.0,-7.097710907,-38.17083777,450,428,436,460,390,449,479,458,473,424,416,445,462,457,554
289,25049496,ECI JOSE GONCALVES DE QUEIROZ,549.0,551.0,629.0,663.0,-7.6680382,-36.8763636,488,492,482,477,549,457,523,480,480,449,435,465,481,469,489
290,25041525,ECITE MARECHAL ALMEIDA BARRETO,481.0,461.0,502.0,989.0,-7.0677388,-36.5747373,478,477,474,480,546,490,532,503,487,470,446,488,489,479,591
291,25056581,EEEFM JOSE VITORINO DE MEDEIROS,163.0,234.0,211.0,212.0,-6.76227999,-36.24490353,456,431,418,439,378,484,549,500,570,562,449,484,485,488,547
292,25053493,EEEFM FRANCISCO DEODATO DO NASCIMENTO,113.0,117.0,173.0,115.0,-7.63172587,-36.43669387,506,526,491,460,529,485,560,487,514,448,460,497,515,493,550
293,25065513,ECI EFIGENIO LEITE,350.0,395.0,409.0,527.0,-6.804656,-35.6031349,477,473,454,457,378,451,499,484,441,453,414,428,434,437,429
294,25045377,ECIT JOSE LEITE DE SOUSA,343.0,304.0,235.0,559.0,-7.8939626,-37.1312138,475,475,470,476,465,471,554,513,513,491,432,459,480,453,489
295,25115359,EEEF JOAO DE OLIVEIRA CHAVES,334.0,357.0,528.0,581.0,-7.8933775,-37.1144933,467,451,443,455,413,452,503,467,498,381,430,449,455,459,434
296,25045466,EEEM BENTO TENORIO DE SOUSA ESCOLA DO CAMPO,90.0,77.0,126.0,86.0,-7.7810789,-37.1057706,470,482,483,428,353,449,518,464,457,448,401,455,456,450,430
297,25052497,EEEFM ALM ANTONIO HERACLITO DO REGO,362.0,369.0,367.0,358.0,-7.52405875,-35.99906106,467,473,452,477,482,453,528,490,457,490,434,459,486,475,584
298,25027573,EEEF JOAO CAVALCANTI SULA,294.0,338.0,273.0,308.0,-7.418466,-38.21795,458,439,441,452,453,475,509,462,480,468,414,433,443,442,466
299,25066013,EEEFM ANTONIO BENTO,391.0,522.0,519.0,502.0,-6.817817241,-35.63248971,464,485,473,462,448,463,547,464,468,470,426,443,468,444,500
300,25050435,ECIT MELQUIADES VILAR,363.0,381.0,333.0,1218.0,-7.21345412,-36.82602203,478,492,477,470,551,469,546,512,518,526,471,517,514,530,598
301,25022296,EEEFM PROFESSOR JOAO NOBERTO,231.0,266.0,287.0,355.0,-7.08317341,-37.4424818,467,470,457,471,482,445,522,470,499,415,446,476,482,483,467
302,25063359,EEEFM DESEMBARGADOR ARTHUR VIRGINIO DE MOURA,341.0,313.0,315.0,388.0,-7.1223772,-35.7730116,483,467,475,456,457,461,497,447,470,412,421,444,448,430,502
303,25043897,EEEFM CICERO DOS ANJOS,485.0,559.0,495.0,506.0,-6.933941597,-36.40188502,481,478,462,465,464,449,510,471,487,389,435,461,469,469,552
304,25037226,EEEFM ADRIANO FEITOSA,454.0,486.0,835.0,1158.0,-7.63514,-37.87685,493,477,469,489,533,450,518,485,481,434,453,480,503,499,520
305,25037234,EEEFM POVOADO SILVESTRE,78.0,90.0,122.0,127.0,-7.6609005,-37.7640064,468,463,437,454,432,500,529,460,437,606,480,555,523,477,620
306,25061402,EEEFM FRANCISCO A SILVA,406.0,484.0,573.0,555.0,-7.0518846,-35.9253834,490,494,482,450,492,486,577,518,537,561,477,506,514,505,642
307,25002457,EEEFM JOSE SERAFIM DE LIMA,91.0,108.0,137.0,93.0,-6.5422338,-37.7130957,453,492,474,484,585,498,554,489,479,483,434,468,480,479,630
308,25057820,ECI JOSE BRONZEADO SOBRINHO,204.0,255.0,527.0,951.0,-6.964398162,-35.79573104,473,482,481,468,516,463,530,487,476,419,440,469,485,462,574
309,25016164,ECIT CICERO SEVERO LOPES,132.0,109.0,132.0,145.0,-6.8182929,-37.9426299,483,471,465,486,522,457,557,482,457,540,445,461,479,457,359
310,25060058,EEEFM GOVERNADOR CLOVIS BEZERRA CAVALCANTI,461.0,442.0,495.0,546.0,-6.605305,-35.6279133,469,468,458,477,487,441,493,472,470,464,444,475,499,484,589
311,25040820,ECI IOLANDA TEREZA CHAVES LIMA,350.0,339.0,315.0,293.0,-6.8643417,-36.3513483,476,482,469,474,483,476,548,516,505,536,484,482,496,515,575
312,25054783,EEEFM MONS JOSE PAULINO,349.0,502.0,514.0,515.0,-6.8340934,-35.7639117,487,486,480,474,495,461,527,492,500,480,459,480,493,496,609
313,25087738,EEEFM PEDRO POTI,516.0,673.0,729.0,759.0,-6.5907012,-35.05707,448,477,459,463,487,446,523,468,478,405,427,461,473,456,483
314,25024175,EEEFM INACIO DA CATINGUEIRA,213.0,256.0,302.0,300.0,-7.1271259,-37.6062177,465,457,452,469,493,461,515,474,489,374,447,449,473,495,500
315,25051580,ECITE CONSELHEIRO JOSE BRAZ DO REGO,210.0,338.0,827.0,974.0,-7.482593303,-36.13111599,474,476,469,477,466,471,543,501,491,496,443,485,498,475,587
316,25012207,EEEFM BERNARDINO JOSE BATISTA,255.0,262.0,338.0,382.0,-6.58087093,-38.60417913,486,468,475,475,485,449,537,488,504,427,431,459,487,455,555
317,25032968,EEEFM PROF JOSEFA JUSTINO GOMES,131.0,106.0,112.0,150.0,-7.213585,-38.3731633,444,452,426,439,422,438,503,447,462,417,398,425,442,459,453
318,25045059,ECI JOAO LELYS,252.0,232.0,455.0,594.0,-7.37495378,-36.94431241,459,479,465,458,490,474,553,498,512,501,439,488,499,474,562
319,25019597,EEEFM DORGIVAL SILVEIRA,135.0,131.0,137.0,116.0,-6.6177716,-38.0967284,489,471,475,486,544,455,505,481,490,483,447,492,499,472,555
320,25082272,EEEFM DOM ADAUTO,375.0,491.0,510.0,658.0,-7.174170292,-35.58858664,470,485,459,477,450,453,504,463,472,404,435,451,468,472,495
321,25054490,EEEFM CEL SERVELIANO DE FARIAS CASTRO,269.0,259.0,328.0,400.0,-7.727566667,-36.49361333,485,474,474,453,438,463,499,472,484,465,429,438,459,451,511
322,25025368,EEEFM PROFª MARGARIDA REMIGIO LOUREIRO,207.0,290.0,247.0,305.0,-7.10834194,-37.71399423,459,476,465,461,511,501,552,499,508,502,437,473,459,451,465
323,25078143,EEEFM EVERALDO AGRA,353.0,270.0,138.0,303.0,-7.252692519,-35.83464804,473,453,462,471,513,445,460,449,423,430,431,474,475,455,364
324,25078135,EEEFM MARIA ZECA SOUZA,569.0,676.0,824.0,830.0,-7.18545583,-35.73282407,471,479,468,496,507,451,523,467,473,404,433,470,468,450,523
325,25032518,EEEFM OTAVIANO L DA SILVA,518.0,458.0,552.0,628.0,-7.252280996,-38.29835359,471,468,456,471,495,441,509,450,484,388,413,427,428,434,465
326,25038796,EEEM FENELON NOBREGA,140.0,154.0,197.0,187.0,-7.10200466,-36.84281433,521,506,484,461,495,447,529,468,463,436,454,475,480,445,571
327,25036017,ENE MONS SEBASTIAO RABELO,368.0,447.0,534.0,637.0,-7.707269478,-38.15704748,471,459,448,451,518,441,516,478,486,400,432,441,455,438,483
328,25081349,EEEFM ADAUTO CABRAL DE VASCONCELOS,351.0,328.0,671.0,686.0,-7.2498281,-35.6624469,477,442,460,458,457,462,511,464,486,425,431,426,463,446,491
329,25025830,EEEIFM ANTONIO AVELINO DE ALMEIDA,344.0,368.0,402.0,463.0,-7.227000075,-37.7486049,466,467,459,474,443,441,513,463,484,421,430,427,456,438,454
330,25053728,EEEFM JUAREZ MARACAJA,157.0,153.0,188.0,241.0,-7.2440068,-36.4918162,452,474,456,450,534,475,503,473,483,370,434,446,452,446,492
331,25062220,EEEFM MONS JOSE BORGES,415.0,448.0,467.0,513.0,-7.104659965,-35.87024029,480,490,471,477,530,458,541,485,490,461,463,486,490,479,595
332,25047116,EEEFM MARIO OLIVEIRA CHAVES,180.0,170.0,199.0,166.0,-8.078738333,-36.85007,469,456,452,454,501,454,516,474,506,404,427,457,448,459,522
333,25089560,EEEFM SEVERINA DE HOLANDA CAVALCANTI,360.0,223.0,339.0,371.0,-7.1913212,-35.2201406,439,448,462,434,408,431,522,475,466,327,392,429,466,483,468
334,25089552,EEEFM MARIA LINS,392.0,364.0,564.0,508.0,-7.248662822,-35.20897745,467,446,459,437,434,463,544,494,490,493,437,450,470,467,562
335,25017438,EEEFM ANTONIO GREGORIO DE LACERDA,356.0,493.0,312.0,228.0,-6.9456014,-38.1644366,461,451,447,456,449,469,485,481,484,438,430,438,459,447,509
336,25084992,EEEM ANTONIO FRANCISCO GOMES,253.0,347.0,340.0,444.0,-7.744129482,-35.8786227,476,495,484,472,496,462,532,492,500,396,435,454,491,474,480
337,25049372,EEEIFM MANOEL HONORATO SOBRINHO,165.0,157.0,231.0,259.0,-7.628507616,-36.60783228,481,481,471,490,473,458,505,469,473,450,458,503,518,515,431
338,25118579,EEEM PREFEITO SEVERINO PEREIRA GOMES,264.0,258.0,284.0,259.0,-6.644896667,-36.24713167,497,474,464,472,507,468,530,477,477,384,443,479,476,462,445
339,25003054,EEEFM FREI BRUNO,176.0,147.0,185.0,203.0,-6.5897582,-37.9137317,477,472,466,459,511,445,523,450,474,411,451,492,509,509,559
340,25020102,EEEFM FRANCISCO ROMANO DA SILVEIRA,108.0,130.0,180.0,200.0,-7.257746667,-37.42698,472,493,477,515,490,451,508,485,504,459,433,486,483,477,530
341,25048775,EEEFM MARIA BALBINA PEREIRA,138.0,142.0,122.0,135.0,-7.605491479,-36.8155667,456,447,429,457,405,437,543,510,496,520,438,471,492,491,522
342,25048880,EEEFM SENADOR JOSE GAUDENCIO,395.0,386.0,584.0,908.0,-7.481691201,-36.66730076,486,479,479,483,489,470,540,512,509,465,456,477,487,480,543
343,25033786,EEEFM GERTRUDES LEITE,594.0,454.0,749.0,721.0,-7.28463167,-37.08702471,465,486,463,466,494,444,501,461,486,414,423,470,484,471,529
344,25023896,ECI JOSELITA BRASILEIRO,372.0,351.0,374.0,419.0,-7.1821989,-38.1521748,466,472,464,470,456,458,528,472,528,501,414,456,460,478,569
345,25033794,EEEFM PEDRO TERTO DA CUNHA,295.0,300.0,263.0,236.0,-7.2093126,-37.057495,463,473,437,463,472,475,521,469,467,392,396,428,455,422,420
346,25123297,EEEFEM MARIA ELIDIA RANGEL,166.0,140.0,108.0,79.0,-6.93898026,-36.63117212,491,495,474,464,571,460,567,480,495,421,457,508,516,519,540
347,25087304,EEEF AGROPECUARISTA JOSE WILSON DE ALBUQUERQUE MELO,367.0,339.0,309.0,246.0,-6.911211088,-35.16750874,473,458,470,448,460,455,519,488,476,417,419,457,475,462,393
348,25014951,EEEFM FRANCISCO AUGUSTO CAMPOS,201.0,212.0,387.0,446.0,-6.91941557,-38.32487692,486,489,467,470,347,440,526,482,482,469,432,499,510,500,541
349,25001302,EEEFM OLIVIA SARAIVA MAIA,103.0,107.0,102.0,109.0,-6.2127438,-37.353135,487,449,447,464,478,464,502,449,470,430,431,426,459,446,450
350,25028103,EEEFM ENEAS LEITE,185.0,175.0,181.0,228.0,-7.62801655,-38.55969948,463,476,460,483,484,446,497,455,526,240,426,464,474,437,446
351,25047469,EEEFM JAIRO AIRES CALUETE,218.0,301.0,231.0,211.0,-7.315907185,-36.66246333,451,452,481,466,503,459,557,505,527,453,420,484,492,503,636
352,25014226,EEEFM MANOEL MEDEIROS DE ARAUJO,153.0,191.0,266.0,276.0,-6.7376345,-37.5687882,486,471,476,468,479,457,491,480,500,422,447,471,476,509,492
353,25062069,ECI MARIA JOSE DE SOUZA,144.0,164.0,252.0,256.0,-7.0866988,-35.961147,488,485,478,470,496,472,521,489,501,486,432,471,477,471,553
354,25031481,EEEFM JOAO DE S PRIMO,163.0,216.0,249.0,291.0,-7.4264808,-38.0704693,483,482,456,483,547,455,510,474,499,505,427,458,466,490,532
355,25049640,EEEF DE AMPARO,97.0,84.0,124.0,140.0,-7.56722544,-37.06115964,460,425,456,466,331,446,501,452,463,338,396,422,428,464,600
356,25002422,EEEFM FRANCISCO MAIA,319.0,411.0,497.0,648.0,-6.552341,-37.8065641,467,488,480,477,545,464,540,494,499,505,438,475,493,468,420
357,25009192,EEEFM JOEL PEREIRA DA SILVA,108.0,102.0,106.0,112.0,-7.040207908,-38.34636622,455,447,438,453,480,468,550,512,531,491,427,463,470,481,593
358,25067737,EEEF PREF JOSE ANTONIO NEVES,315.0,214.0,339.0,222.0,-6.615637,-35.4424,449,466,477,495,510,451,518,508,489,427,448,481,512,493,628
359,25054023,EEEFM DEP ALVARO G QUEIROZ,97.0,116.0,158.0,128.0,-7.219785,-36.631975,476,474,466,450,477,436,492,468,498,464,433,461,497,460,541
360,25046950,ECI FRANCISCO DE ASSIS GONZAGA,271.0,293.0,201.0,208.0,-7.69333881,-37.08294527,458,488,469,477,412,469,522,485,475,457,429,469,488,456,504
361,25046764,EEEFM NOSSA SRA DAS GRACAS,145.0,146.0,117.0,118.0,-7.6190351,-37.1529168,460,463,463,454,512,442,492,502,539,380,442,440,466,446,435
362,25040600,EEEM PROFº ODILON DE FIGUEIREDO,103.0,102.0,164.0,173.0,-6.769212387,-36.98950248,499,503,488,517,436,468,544,506,525,485,447,491,508,496,507
