,Unnamed: 0,COD INEP,delta_Natureza - 2018,delta_Natureza - 2019,delta_Humanidades - 2018,delta_Humanidades - 2019,delta_Linguagens - 2018,delta_Linguagens - 2019,delta_Matemática - 2018,delta_Matemática - 2019,delta_Redação - 2018,delta_Redação - 2019
0,0,25072030,-4.033970276008493,5.9734513274336285,3.225806451612903,-1.7578125,-3.1578947368421053,10.869565217391305,3.4408602150537635,3.5343035343035343,-12.815126050420167,42.168674698795186
1,1,25072005,-4.990019960079841,-4.621848739495799,11.270491803278688,-11.786372007366483,3.9337474120082816,-0.199203187250996,9.68421052631579,-9.213051823416507,8.405172413793103,13.717693836978132
2,2,25072021,-2.8169014084507045,-5.383022774327122,10.805500982318271,-13.652482269503546,3.2323232323232323,-1.761252446183953,2.004008016032064,-4.911591355599214,-4.690431519699812,11.41732283464567
3,3,25072307,1.2552301255230125,-1.859504132231405,15.650406504065039,-12.302284710017574,7.43801652892562,-1.3461538461538463,4.048582995951417,-3.3073929961089497,-6.4575645756457565,20.118343195266274
4,4,25072404,-11.0,-9.662921348314606,4.526748971193416,-9.645669291338582,-6.485355648535565,21.700223713646533,-5.263157894736842,-2.880658436213992,-1.36986301369863,-100.0
5,5,25120670,-4.621848739495799,-4.405286343612335,11.087420042643924,-13.43570057581574,-2.479338842975207,-1.4830508474576272,4.978354978354979,-5.154639175257731,-14.495798319327733,10.565110565110565
6,6,25072277,-10.395010395010395,-3.480278422273782,8.639308855291576,-11.72962226640159,-2.479338842975207,-1.4830508474576272,-1.762114537444934,1.345291479820628,-15.975103734439832,11.851851851851853
7,7,25076590,-7.43801652892562,-4.910714285714286,7.770961145194274,-12.523719165085389,-0.8281573498964804,-0.20876826722338201,0.42105263157894735,-3.9832285115303985,-12.915851272015654,10.561797752808989
8,8,25072129,-4.3841336116910234,-3.711790393013101,8.213552361396303,-9.487666034155598,-0.628930817610063,2.320675105485232,-3.4412955465587043,-2.9350104821802936,-12.8060263653484,23.110151187904968
9,9,25072099,-3.549060542797495,-8.225108225108226,8.385744234800839,-11.992263056092844,4.2105263157894735,-2.8282828282828283,6.437768240343347,-9.67741935483871,-12.452107279693486,9.846827133479213
10,10,25072137,0.4056795131845842,-14.343434343434344,15.821501014198782,-19.614711033274958,6.570841889117044,-8.092485549132949,-2.9166666666666665,4.506437768240343,-14.44866920152091,34.66666666666667
11,11,25152815,-10.240963855421686,3.3557046979865772,4.790419161676647,-6.857142857142858,-6.986027944111776,7.939914163090128,-3.024193548387097,-0.2079002079002079,-17.995910020449898,48.12967581047381
12,12,25117459,-2.1367521367521367,-1.5283842794759825,2.0491803278688523,-5.020080321285141,-0.20491803278688525,-1.642710472279261,-3.7037037037037033,-6.41025641025641,-15.17509727626459,-8.256880733944955
13,13,25072064,6.926406926406926,-3.4412955465587043,35.91549295774648,-11.226252158894647,28.640776699029125,1.3207547169811322,24.0,-14.157706093189965,39.722863741339495,6.776859504132231
14,14,25072110,-2.0618556701030926,-1.4736842105263157,14.663951120162933,-12.788632326820604,4.8979591836734695,-2.529182879377432,7.851239669421488,-3.4482758620689653,-10.986964618249534,16.10878661087866
15,15,25076582,-1.2711864406779663,-5.36480686695279,7.157894736842104,-7.465618860510806,-1.4492753623188406,-1.8907563025210083,0.6423982869379015,-1.276595744680851,-13.333333333333334,24.242424242424242
16,16,25072145,-2.0,-6.73469387755102,7.44466800804829,-7.303370786516854,3.054989816700611,1.5810276679841897,0.6097560975609756,-1.6161616161616161,3.592814371257485,14.450867052023122
17,17,25114808,-4.140786749482402,-0.4319654427645789,10.2880658436214,-11.380597014925373,0.20491803278688525,0.0,5.555555555555555,-7.602339181286549,-19.237749546279492,29.213483146067414
18,18,25072102,-1.6563146997929608,1.0526315789473684,12.678936605316974,-4.537205081669692,3.6659877800407332,1.768172888015717,5.894736842105263,0.0,1.3565891472868217,22.753346080305928
19,19,25070703,-7.028112449799197,-7.775377969762419,7.894736842105263,-14.071294559099437,3.563941299790356,-3.2388663967611335,6.263498920086392,-4.0650406504065035,-7.8,18.22125813449024
20,20,25072218,-2.8629856850715747,-7.368421052631578,10.365853658536585,-9.760589318600369,3.4979423868312756,0.3976143141153081,3.563941299790356,-4.251012145748987,-2.1912350597609564,18.533604887983707
21,21,25072420,-4.3999999999999995,-2.510460251046025,10.256410256410255,-8.94454382826476,3.1620553359683794,-0.38314176245210724,3.3797216699801194,-1.5384615384615385,-7.142857142857142,21.388367729831145
22,22,25072013,-1.02880658436214,-4.365904365904366,6.11439842209073,-8.921933085501859,0.5988023952095809,0.1984126984126984,1.8072289156626504,-3.5502958579881656,-11.208406304728546,16.962524654832347
23,23,25076400,-7.900207900207901,-3.3860045146726865,7.317073170731707,-8.901515151515152,-2.028397565922921,2.070393374741201,1.0416666666666665,-6.185567010309279,-11.423220973782772,19.661733615221987
24,24,25072412,-6.4,-4.700854700854701,9.343936381709742,-12.0,5.070993914807302,-4.054054054054054,3.0120481927710845,-5.0682261208577,-4.1441441441441444,3.007518796992481
25,25,25072153,0.19960079840319359,-1.9920318725099602,14.341846758349705,-7.903780068728522,6.508875739644971,-0.1851851851851852,3.992015968063872,2.495201535508637,4.173913043478262,14.023372287145241
26,26,25072439,-5.040322580645161,0.0,11.76470588235294,-8.892921960072595,3.2,1.744186046511628,3.2128514056224895,5.447470817120623,-1.509433962264151,18.39080459770115
27,27,25098357,-3.6585365853658534,-3.5864978902953584,9.418837675350701,-8.791208791208792,2.1868787276341948,0.7782101167315175,2.366863905325444,-5.009633911368015,-5.981308411214954,19.880715705765407
28,28,25094653,-2.7837259100642395,-4.845814977973569,11.76470588235294,-12.670565302144249,1.276595744680851,-0.6302521008403361,6.550218340611353,-7.991803278688526,-15.0,23.52941176470588
29,29,25096702,-1.4644351464435146,-7.855626326963907,13.333333333333334,-11.76470588235294,5.590062111801243,-0.39215686274509803,7.643312101910828,-7.297830374753452,4.57516339869281,19.791666666666664
30,30,25114506,-4.690831556503198,-0.22371364653243847,10.995850622406639,-13.644859813084112,3.3542976939203357,-4.462474645030426,5.46218487394958,-8.366533864541832,-4.703476482617587,1.9313304721030045
31,31,25092871,-2.2587268993839835,-4.621848739495799,9.181636726546905,-9.506398537477148,4.646464646464646,-0.9652509652509652,2.19560878243513,-3.515625,-0.19011406844106463,16.380952380952383
32,32,25094114,-6.211180124223603,0.0,20.909090909090907,-10.526315789473683,7.2210065645514225,0.6122448979591837,-4.609218436873747,0.6302521008403361,-8.274231678486997,23.45360824742268
33,33,25097725,-7.346938775510205,-1.9823788546255507,10.429447852760736,-11.11111111111111,1.6129032258064515,-0.1984126984126984,1.639344262295082,-0.6048387096774194,-10.838445807770961,23.623853211009173
34,34,25094122,-3.7475345167652856,-5.737704918032787,7.884615384615384,-10.16042780748663,2.1484375,-1.5296367112810707,0.18796992481203006,-2.25140712945591,-9.313725490196079,17.65765765765766
35,35,25097091,-5.9447983014862,-9.932279909706546,2.268041237113402,-5.64516129032258,3.4782608695652173,2.100840336134454,-2.5316455696202533,7.35930735930736,14.052287581699346,57.59312320916905
36,36,25093975,-2.9978586723768736,-2.869757174392936,10.212765957446807,-9.073359073359073,1.6771488469601679,1.0309278350515463,6.623931623931624,-6.4128256513026045,-20.55084745762712,21.6
37,37,25095013,-3.205128205128205,0.44150110375275936,12.391304347826088,-7.7369439071566735,5.831533477321814,0.8163265306122449,0.20876826722338201,1.875,-7.943925233644859,42.63959390862944
38,38,25094432,-0.8695652173913043,-6.140350877192982,20.72072072072072,-8.208955223880597,10.983981693363845,0.6185567010309279,1.7167381974248928,-6.329113924050633,-2.4070021881838075,1.1210762331838564
39,39,25094629,-2.5052192066805845,-7.922912205567452,18.640350877192983,-17.929759704251385,2.586206896551724,0.21008403361344538,0.4123711340206186,-9.034907597535934,-1.1111111111111112,13.202247191011235
40,40,25093894,-9.8989898989899,-4.484304932735426,-1.0224948875255624,-6.6115702479338845,-1.4462809917355373,0.41928721174004197,0.0,-8.677685950413224,-2.4663677130044843,12.873563218390805
41,41,25094106,-6.967213114754098,-7.709251101321586,4.3478260869565215,-13.690476190476192,3.9915966386554618,-1.2121212121212122,6.837606837606838,-13.600000000000001,-13.303769401330376,15.601023017902813
42,42,25095080,-2.6694045174537986,-8.227848101265822,5.4989816700611,-11.583011583011583,-0.20964360587002098,-2.100840336134454,4.516129032258064,-4.11522633744856,-16.40625,7.943925233644859
43,43,25094262,-2.083333333333333,-4.8936170212765955,0.39920159680638717,-4.7713717693836974,-0.4016064257028112,0.20161290322580644,4.393305439330543,-3.807615230460922,-18.23204419889503,25.225225225225223
44,44,25124277,-5.613305613305614,-3.9647577092511015,13.070539419087138,-16.14678899082569,5.458515283842795,1.0351966873706004,0.6263048016701461,-2.2821576763485476,2.6128266033254155,-4.166666666666666
45,45,25094726,-0.21231422505307856,-4.680851063829787,11.08786610878661,-10.16949152542373,2.9166666666666665,2.834008097165992,5.660377358490567,-3.7698412698412698,-3.2989690721649487,22.174840085287848
46,46,25094688,7.6923076923076925,-5.952380952380952,10.15625,-5.141843971631205,5.95482546201232,6.782945736434108,11.956521739130435,3.4951456310679614,27.074235807860266,7.560137457044673
47,47,25094025,-4.411764705882353,-4.175824175824175,8.71369294605809,-10.877862595419847,0.0,2.9166666666666665,-3.6885245901639343,0.2127659574468085,-11.990950226244344,30.077120822622106
48,48,25093860,-1.276595744680851,-12.284482758620689,10.69182389937107,-16.666666666666664,-4.564315352697095,0.8695652173913043,-5.521472392638037,-6.70995670995671,-10.311750599520384,-25.13368983957219
49,49,25094033,-5.183585313174946,-1.8223234624145785,8.085106382978724,-8.46456692913386,4.721030042918455,-2.459016393442623,4.535637149028078,-1.6528925619834711,4.545454545454546,17.632850241545896
50,50,25094661,-2.834008097165992,-4.375,14.609053497942387,-12.567324955116696,3.406813627254509,0.0,2.2357723577235773,-3.180914512922465,-1.4285714285714286,12.422360248447205
51,51,25094637,-4.45859872611465,-3.111111111111111,5.668016194331984,-9.770114942528735,4.2105263157894735,-3.6363636363636362,-0.2127659574468085,0.21321961620469082,1.9559902200488997,14.388489208633093
52,52,25094742,-3.5051546391752577,-2.7777777777777777,15.113871635610765,-10.79136690647482,7.158351409978309,0.4048582995951417,9.282700421940929,-10.231660231660232,7.196029776674938,12.962962962962962
53,53,25115049,-3.821656050955414,-2.6490066225165565,9.97920997920998,-9.829867674858223,0.6211180124223602,3.0864197530864197,2.11864406779661,-2.0746887966804977,-3.935185185185185,18.795180722891565
54,54,25093886,-7.317073170731707,5.701754385964912,0.796812749003984,2.5691699604743086,3.6016949152542375,6.339468302658487,2.536997885835095,11.34020618556701,-22.606924643584524,84.47368421052632
55,55,25094181,-1.4644351464435146,-7.006369426751593,14.285714285714285,-10.795454545454545,2.0876826722338206,0.81799591002045,7.081545064377683,-6.4128256513026045,-5.6722689075630255,11.358574610244988
56,56,25095056,-1.4583333333333333,-2.748414376321353,10.16260162601626,-10.885608856088561,5.316973415132924,-3.6893203883495143,5.578512396694215,-7.240704500978473,6.947368421052631,11.614173228346457
57,57,25114484,-2.2774327122153206,-3.8135593220338984,6.5400843881856545,-3.1683168316831685,-0.4140786749482402,6.237006237006238,8.227848101265822,-2.729044834307992,-1.8789144050104383,10.851063829787234
58,58,25093959,1.263157894736842,-4.98960498960499,14.723926380368098,-14.973262032085561,5.133470225872689,0.0,8.113590263691684,-8.442776735459661,-3.8535645472061653,14.02805611222445
59,59,25128337,8.2039911308204,-1.0245901639344261,24.78448275862069,-7.772020725388601,7.8156312625250495,-0.5576208178438662,32.08955223880597,3.766478342749529,151.36363636363637,32.5497287522604
60,60,25094130,-5.383022774327122,-1.75054704595186,9.8,-11.657559198542804,3.2653061224489797,0.0,1.8367346938775513,-2.004008016032064,-4.826254826254826,10.953346855983773
61,61,25093932,-4.979253112033195,-5.676855895196507,17.035398230088493,-14.177693761814744,3.404255319148936,-0.6172839506172839,1.89873417721519,-3.9337474120082816,-8.297872340425531,28.770301624129928
62,62,25094190,-4.67479674796748,2.345415778251599,6.0546875,-5.3406998158379375,2.3952095808383236,1.949317738791423,0.9960159362549801,-0.9861932938856016,-16.80960548885077,14.63917525773196
63,63,25094203,1.3544018058690745,-3.11804008908686,3.205128205128205,-4.761904761904762,1.762114537444934,3.2467532467532463,0.21141649048625794,-1.89873417721519,9.411764705882353,34.40860215053764
64,64,25093843,-7.010309278350515,-3.5476718403547673,5.7654075546719685,-14.661654135338345,-0.8097165991902834,-0.20408163265306123,-3.2193158953722336,-6.029106029106029,-9.381663113006397,7.764705882352942
65,65,25093878,-4.508196721311475,-3.4334763948497855,14.285714285714285,-14.130434782608695,1.8442622950819672,0.6036217303822937,4.11522633744856,-6.126482213438735,-9.369024856596559,7.383966244725738
66,66,25126180,-0.6493506493506493,-2.832244008714597,11.563169164882227,-8.061420345489443,3.7735849056603774,1.4141414141414141,-0.8247422680412372,0.2079002079002079,-8.716707021791766,22.015915119363395
67,67,25094777,-6.570841889117044,-6.373626373626373,14.408602150537634,-13.721804511278195,7.249466950959488,-5.168986083499006,5.473684210526316,-6.786427145708583,-11.91919191919192,20.18348623853211
68,68,25094750,-7.773109243697479,-0.45558086560364464,9.957627118644067,-10.982658959537572,1.7204301075268817,2.9598308668076108,-3.1645569620253164,0.2178649237472767,-9.032258064516128,26.47754137115839
69,69,25094211,1.050420168067227,-8.731808731808732,11.247443762781186,-12.316176470588236,5.263157894736842,-1.6,4.831932773109244,-5.01002004008016,-20.353982300884958,17.77777777777778
70,70,25094050,-3.563941299790356,-4.130434782608695,21.086956521739133,-12.746858168761221,2.3255813953488373,3.512396694214876,13.733905579399142,-10.566037735849058,-13.189448441247004,31.767955801104975
71,71,25093916,-1.0080645161290323,-9.775967413441954,13.191489361702127,-15.601503759398497,16.444444444444446,-10.687022900763358,26.222222222222225,-19.718309859154928,9.327548806941431,-35.51587301587302
72,72,25094696,-6.625258799171843,-7.317073170731707,6.995884773662551,-15.192307692307692,4.086021505376344,-9.090909090909092,-1.6877637130801686,-5.579399141630901,-2.6785714285714284,-23.853211009174313
73,73,25007904,-3.8539553752535496,-7.172995780590717,10.330578512396695,-12.921348314606742,2.5052192066805845,-1.4256619144602851,7.484407484407485,-6.382978723404255,-11.500974658869396,23.788546255506606
74,74,25007785,-8.193277310924369,-2.2883295194508007,6.185567010309279,-9.70873786407767,-4.08997955010225,5.11727078891258,-1.257861635220126,-0.42462845010615713,-26.36363636363636,19.25925925925926
75,75,25007742,-13.46938775510204,-6.60377358490566,12.217194570135746,-9.475806451612904,7.1258907363420425,-5.099778270509978,24.538258575197887,-6.991525423728813,-27.61904761904762,82.23684210526315
76,76,25007718,-6.105263157894736,-5.829596412556054,10.084033613445378,-14.122137404580155,-1.282051282051282,-0.6493506493506493,4.487179487179487,-7.770961145194274,-17.255717255717258,26.633165829145728
77,77,25007726,-5.9196617336152215,8.089887640449438,8.506224066390041,-6.309751434034416,2.3404255319148937,7.6923076923076925,-6.029106029106029,3.3185840707964607,-14.734774066797643,32.48847926267281
78,78,25058304,-3.885480572597137,-5.319148936170213,6.882591093117409,-5.871212121212121,-0.4158004158004158,6.471816283924843,2.4691358024691357,4.216867469879518,-13.91465677179963,46.12068965517241
79,79,25018140,0.8928571428571428,-5.530973451327434,26.85589519650655,-22.89156626506024,14.76510067114094,-7.797270955165692,-0.6302521008403361,-7.6109936575052854,32.66832917705736,-14.473684210526317
80,80,25018582,-5.601659751037345,-3.076923076923077,7.723577235772358,-11.50943396226415,2.345415778251599,1.875,-0.3976143141153081,-1.1976047904191618,-12.548262548262548,27.593818984547465
81,81,25018060,4.504504504504505,-8.405172413793103,4.516129032258064,-8.024691358024691,-3.6956521739130435,9.932279909706546,-0.20491803278688525,-1.8480492813141685,-21.6,42.857142857142854
82,82,25018272,1.443298969072165,-10.365853658536585,17.372881355932204,-16.064981949458485,1.8218623481781375,-6.163021868787276,5.284552845528456,-6.177606177606178,-15.397631133671744,12.8
83,83,25019228,-5.353319057815846,-4.072398190045249,6.800000000000001,-12.359550561797752,5.450733752620545,0.19880715705765406,7.777777777777778,-2.0618556701030926,-14.135021097046414,34.88943488943489
84,84,25018639,0.6493506493506493,-6.666666666666667,17.34475374732334,-17.335766423357665,4.564315352697095,-5.357142857142857,4.925053533190578,-0.8163265306122449,-0.9803921568627451,13.267326732673268
85,85,25018183,-5.3452115812917596,-4.470588235294118,11.6331096196868,-14.428857715430862,6.1946902654867255,-5.833333333333333,20.975609756097562,-7.056451612903227,-10.891089108910892,20.833333333333336
86,86,25018280,-4.3737574552683895,0.8316008316008316,9.14396887159533,-4.81283422459893,0.3929273084479371,3.9138943248532287,1.9157088122605364,5.451127819548872,-6.608695652173912,34.26443202979516
87,87,25115723,-5.07399577167019,-0.4454342984409799,8.80503144654088,-11.368015414258188,0.8565310492505354,-0.8492569002123143,3.2119914346895073,-4.564315352697095,-19.78021978021978,12.32876712328767
88,88,25043277,-1.2371134020618557,-1.0438413361169103,16.977225672877847,-11.504424778761061,7.021276595744681,1.7892644135188867,3.6734693877551026,-0.984251968503937,18.76484560570071,35.199999999999996
89,89,25043269,-3.149606299212598,-9.34959349593496,11.320754716981133,-12.429378531073446,7.658643326039387,0.6097560975609756,7.20524017467249,-0.40733197556008144,-1.3157894736842104,29.86666666666667
90,90,25036300,-5.07399577167019,-6.6815144766147,12.995594713656388,-12.475633528265107,1.312910284463895,1.7278617710583155,2.8761061946902653,-0.6451612903225806,-4.145077720207254,12.972972972972974
91,91,25036335,-0.42194092827004215,-3.6016949152542375,11.875,-12.476722532588454,1.6563146997929608,0.6109979633401221,2.7944111776447107,-1.9417475728155338,5.967078189300412,15.728155339805824
92,92,25061739,-5.970149253731343,0.45351473922902497,11.904761904761903,-10.831721470019342,2.141327623126338,1.6771488469601679,4.565217391304348,1.2474012474012475,3.821656050955414,17.791411042944784
93,93,25061720,-2.4096385542168677,-3.909465020576132,13.636363636363635,-11.454545454545455,5.8212058212058215,-0.9823182711198428,2.834008097165992,-2.3622047244094486,-0.5813953488372093,11.500974658869396
94,94,25091611,0.8695652173913043,-7.112068965517242,8.297872340425531,-14.538310412573674,-5.208333333333334,6.153846153846154,3.5343035343035343,-7.83132530120482,-16.19047619047619,30.681818181818183
95,95,25091620,-4.641350210970464,-5.0884955752212395,8.731808731808732,-14.149139579349903,-2.272727272727273,-0.8456659619450317,5.482456140350877,-4.5738045738045745,-0.9259259259259258,11.214953271028037
96,96,25091638,-6.708595387840671,-8.089887640449438,5.36480686695279,-9.979633401221996,1.5317286652078774,-4.525862068965517,4.3383947939262475,-11.226611226611228,-6.361323155216285,14.130434782608695
97,97,25091549,-0.87527352297593,-2.207505518763797,9.243697478991598,-7.115384615384615,3.397027600849257,4.517453798767967,3.6717062634989204,-0.8333333333333334,-17.4573055028463,17.93103448275862
98,98,25091603,-3.7362637362637363,-2.28310502283105,15.638766519823788,-12.761904761904763,6.651884700665188,0.2079002079002079,3.6956521739130435,-2.7253668763102725,9.273182957393484,4.81651376146789
99,99,25065025,-4.5738045738045745,-4.793028322440087,10.989010989010989,-8.118811881188119,5.530973451327434,3.3542976939203357,0.2145922746781116,0.8565310492505354,22.752808988764045,25.85812356979405
100,100,25064894,0.20491803278688525,-8.588957055214724,15.463917525773196,-11.25,8.93970893970894,-3.0534351145038165,10.559006211180124,-6.741573033707865,3.3962264150943398,10.948905109489052
101,101,25020927,-3.5196687370600417,-2.3605150214592276,9.919028340080972,-9.392265193370166,4.831932773109244,2.80561122244489,8.80503144654088,-1.9267822736030826,-8.712121212121213,12.655601659751037
102,102,25020935,-2.6694045174537986,-2.5316455696202533,6.102362204724409,-8.719851576994433,2.2357723577235773,0.9940357852882704,5.179282868525896,-2.840909090909091,-12.453531598513012,23.991507430997878
103,103,25020960,-1.7391304347826086,-1.1061946902654867,11.324786324786325,-9.596928982725528,1.059322033898305,0.8385744234800839,5.353319057815846,0.0,-17.91907514450867,22.065727699530516
104,104,25020986,-4.273504273504273,1.1160714285714286,14.63963963963964,-7.269155206286837,-1.9148936170212765,8.026030368763557,7.829977628635347,0.4149377593360996,-5.154639175257731,46.73913043478261
105,105,25020900,-4.732510288065844,-3.2397408207343417,8.38709677419355,-9.325396825396826,2.141327623126338,-1.257861635220126,-0.6036217303822937,-3.0364372469635628,-5.0884955752212395,14.918414918414918
106,106,25103563,-2.73109243697479,-3.6717062634989204,10.359408033826638,-9.195402298850574,4.680851063829787,-1.6260162601626018,-2.8282828282828283,-1.6632016632016633,3.0023094688221708,6.502242152466367
107,107,25020854,-5.2854122621564485,-7.5892857142857135,7.916666666666666,-11.583011583011583,2.586206896551724,0.0,7.865168539325842,0.4166666666666667,-18.976545842217483,11.052631578947368
108,108,25020889,1.4957264957264957,-5.684210526315789,4.98960498960499,-12.277227722772277,-13.104838709677418,8.816705336426914,0.20161290322580644,-2.414486921529175,-12.551440329218108,11.76470588235294
109,109,25064142,-11.363636363636363,-6.293706293706294,42.74611398963731,-16.515426497277677,6.61764705882353,6.206896551724138,-16.147859922178988,4.176334106728538,-38.333333333333336,38.43843843843844
110,110,25064126,-5.122950819672131,-4.319654427645788,9.795918367346939,-10.966542750929369,3.556485355648536,-1.6161616161616161,0.847457627118644,1.050420168067227,-12.410071942446043,22.99794661190965
111,111,25064134,-4.661016949152542,-4.222222222222222,13.097713097713099,-16.727941176470587,3.4482758620689653,0.625,-1.2684989429175475,-4.068522483940043,-6.004140786749482,22.90748898678414
112,112,25100696,-5.932203389830509,-6.531531531531531,21.286031042128602,-21.206581352833638,2.8077753779697625,-5.6722689075630255,4.862579281183932,-12.903225806451612,-15.778251599147122,16.70886075949367
113,113,25117521,-2.5423728813559325,-8.26086956521739,13.646055437100213,-12.757973733583489,4.814004376367615,0.41753653444676403,1.502145922746781,-3.382663847780127,-20.600858369098713,36.75675675675676
114,114,25015885,-2.6726057906458798,2.2883295194508007,12.162162162162163,-2.8112449799196786,0.0,3.9301310043668125,3.2327586206896552,5.219206680584551,-28.653846153846153,30.727762803234505
115,115,25015893,0.0,-4.5738045738045745,16.390041493775932,-9.982174688057041,9.110169491525424,-1.7475728155339807,9.147609147609149,-0.9523809523809524,12.82051282051282,10.664335664335663
116,116,25015869,-8.840864440078585,-0.21551724137931033,2.6871401151631478,-5.794392523364486,-1.5841584158415842,1.2072434607645874,-0.7619047619047619,-2.495201535508637,-11.092715231788079,17.50465549348231
117,117,25082493,-4.852320675105485,-2.4390243902439024,9.97920997920998,-13.988657844990549,4.525862068965517,-2.4742268041237114,7.18954248366013,-7.317073170731707,-13.703703703703704,16.738197424892704
118,118,25127659,7.456140350877193,-16.73469387755102,4.97737556561086,-4.310344827586207,13.145539906103288,-5.601659751037345,4.044943820224719,-2.591792656587473,1.5053763440860215,3.8135593220338984
119,119,25055836,-2.9166666666666665,-2.7896995708154506,8.450704225352112,-11.131725417439704,5.230125523012552,-1.7892644135188867,1.411290322580645,-2.982107355864811,-4.572564612326044,18.333333333333332
120,120,25099507,-3.862660944206009,-6.696428571428571,16.73913043478261,-15.27001862197393,1.4893617021276597,1.6771488469601679,5.42299349240781,-8.024691358024691,-10.395010395010395,8.352668213457076
121,121,25099124,-9.071729957805907,1.160092807424594,10.79295154185022,-11.332007952286283,1.5350877192982455,0.4319654427645789,17.233560090702948,-12.76595744680851,6.363636363636363,36.182336182336186
122,122,25099159,-4.086021505376344,-3.3632286995515694,8.0338266384778,-10.76320939334638,-1.0638297872340425,0.8602150537634409,1.3015184381778742,-2.7837259100642395,5.472636815920398,3.7735849056603774
123,123,25116762,2.7083333333333335,-11.76470588235294,19.587628865979383,-20.0,10.72961373390558,-8.13953488372093,13.111111111111112,-6.4833005893909625,23.573200992555833,-1.0040160642570282
124,124,25099957,-13.441955193482688,-2.823529411764706,5.33596837944664,-17.073170731707318,-5.152224824355972,20.74074074074074,0.2178649237472767,1.0869565217391304,6.25,35.294117647058826
125,125,25099175,-2.3655913978494625,-6.167400881057269,17.532467532467532,-18.784530386740332,6.236559139784946,-8.097165991902834,9.534368070953436,-10.121457489878543,3.7199124726477026,4.430379746835443
126,126,25099116,-4.801670146137787,-7.236842105263158,10.16597510373444,-17.13747645951036,-0.4149377593360996,-4.791666666666667,6.008583690987124,-10.121457489878543,-9.791666666666666,6.235565819861432
127,127,25099256,-5.720338983050848,-1.7977528089887642,9.44206008583691,-8.627450980392156,3.2397408207343417,4.602510460251046,4.516129032258064,-4.526748971193416,-5.287356321839081,19.41747572815534
128,128,25099299,-1.7057569296375266,-5.206073752711497,13.390928725701945,-12.0,3.79746835443038,0.0,3.6016949152542375,-3.885480572597137,-9.240246406570842,14.25339366515837
129,129,25089013,2.9661016949152543,-6.584362139917696,15.010570824524313,-7.352941176470589,12.719298245614036,-1.3618677042801557,10.920770877944326,0.9652509652509652,13.785557986870897,22.692307692307693
130,130,25070290,8.904109589041095,-16.9811320754717,20.871559633027523,-6.261859582542694,16.450216450216452,-13.568773234200743,18.2648401826484,9.845559845559846,68.75,-14.814814814814813
131,131,25070312,-2.7027027027027026,-8.11965811965812,10.90146750524109,-14.744801512287333,7.43099787685775,-4.150197628458498,8.676789587852495,-0.5988023952095809,16.581632653061224,13.347921225382933
132,132,25077147,-2.484472049689441,-6.581740976645436,10.663983903420524,-14.000000000000002,4.375,-3.992015968063872,6.794055201698514,-6.36182902584493,-14.018691588785046,28.913043478260867
133,133,25100033,-8.768267223382047,-1.1441647597254003,8.817204301075268,-8.300395256916996,2.631578947368421,1.9230769230769231,5.399568034557236,-5.122950819672131,-16.23931623931624,32.90816326530612
134,134,25102519,2.0089285714285716,-3.063457330415755,18.502202643171806,-10.037174721189592,4.194260485651214,3.6016949152542375,2.207505518763797,7.991360691144708,-12.408759124087592,53.05555555555556
135,135,25067460,-3.640256959314775,-1.5555555555555556,2.674897119341564,-6.012024048096192,-0.21052631578947367,2.109704641350211,4.535637149028078,-2.272727272727273,-21.325051759834366,58.94736842105262
136,136,25022652,-10.816326530612246,0.9153318077803204,4.781704781704782,-6.547619047619048,1.5053763440860215,4.025423728813559,2.771855010660981,-3.112033195020747,-10.973084886128365,23.953488372093023
137,137,25069357,-7.708333333333334,1.580135440180587,7.643312101910828,-8.284023668639055,-2.335456475583864,11.304347826086957,2.73109243697479,0.2044989775051125,-17.398945518453427,23.19148936170213
138,138,25091000,-12.909441233140656,-9.955752212389381,-4.761904761904762,-12.307692307692308,19.900497512437813,-4.564315352697095,36.55352480417754,-7.45697896749522,22.22222222222222,5.0
139,139,25090879,-6.092436974789916,-2.9082774049217,7.203389830508475,-10.67193675889328,-2.1052631578947367,3.655913978494624,1.279317697228145,-1.8947368421052633,-14.382022471910114,31.496062992125985
140,140,25090887,-4.4491525423728815,-3.1042128603104215,9.409190371991247,-3.4000000000000004,0.8547008547008548,1.059322033898305,3.463203463203463,-1.6736401673640167,-15.058823529411763,42.38227146814405
141,141,25091018,-4.112554112554113,-3.160270880361174,22.897196261682243,-17.870722433460077,10.681818181818182,-7.186858316221765,6.526806526806526,-3.938730853391685,31.545741324921135,-0.9592326139088728
142,142,25127594,-2.0964360587002098,-3.854389721627409,18.70967741935484,-8.876811594202898,9.18580375782881,-0.3824091778202677,6.938775510204081,-3.0534351145038165,-1.02880658436214,16.008316008316008
143,143,25090909,-6.962025316455696,-0.22675736961451248,12.742980561555076,-15.32567049808429,-2.3060796645702304,4.291845493562231,2.7896995708154506,-5.219206680584551,-16.771488469601678,39.54659949622166
144,144,25090984,-2.832244008714597,-4.932735426008969,12.526539278131635,-16.22641509433962,2.092050209205021,1.2295081967213115,7.06401766004415,-2.4742268041237114,-2.727272727272727,19.626168224299064
145,145,25068709,0.21978021978021978,-5.701754385964912,10.300429184549357,-11.86770428015564,0.0,2.575107296137339,3.205128205128205,-4.968944099378882,-8.547008547008547,10.514018691588785
146,146,25068628,1.0964912280701753,-10.629067245119305,17.062634989200866,-15.498154981549817,4.946236559139785,-3.483606557377049,5.590062111801243,-10.588235294117647,-3.2327586206896552,24.053452115812917
147,147,25068636,-2.748414376321353,-4.3478260869565215,8.571428571428571,-12.781954887218044,4.2105263157894735,-1.6161616161616161,2.515723270440252,-2.044989775051125,-6.547619047619048,19.957537154989385
148,148,25024558,-6.016597510373444,0.22075055187637968,7.916666666666666,-9.266409266409266,2.7659574468085104,0.0,5.4989816700611,-0.3861003861003861,-3.8535645472061653,18.637274549098194
149,149,25037803,-6.581740976645436,-0.45454545454545453,6.3559322033898304,-6.772908366533864,0.2136752136752137,1.279317697228145,1.4989293361884368,2.9535864978902953,-6.997742663656885,20.631067961165048
150,150,25027930,-6.118143459915612,-4.269662921348314,10.698689956331878,-11.637080867850099,-0.4405286343612335,2.8761061946902653,3.68763557483731,-1.6736401673640167,-7.82608695652174,-2.358490566037736
151,151,25068075,1.4462809917355373,-13.441955193482688,8.829568788501026,-13.773584905660377,-1.6842105263157894,2.355460385438972,11.403508771929824,-14.37007874015748,-15.247524752475247,12.616822429906541
152,152,25063340,-4.8,-6.092436974789916,10.06036217303823,-11.517367458866545,2.0876826722338206,-0.408997955010225,5.648535564853557,-5.9405940594059405,-3.1936127744510974,7.216494845360824
153,153,25081403,-1.2903225806451613,-8.278867102396514,7.805907172995781,-12.720156555772993,-1.293103448275862,0.8733624454148471,4.782608695652174,-4.356846473029045,-6.783369803063458,20.187793427230048
154,154,25069675,-5.947136563876652,3.747072599531616,-0.21505376344086022,-2.8017241379310347,-4.867256637168142,10.465116279069768,2.947845804988662,1.762114537444934,-16.908212560386474,30.523255813953487
155,155,25089820,-3.8054968287526427,-5.274725274725275,12.017167381974248,-9.961685823754788,4.103671706263499,0.2074688796680498,6.3457330415754925,-4.11522633744856,-20.210526315789473,42.480211081794195
156,156,25089781,-7.597535934291582,-4.444444444444445,3.420523138832998,-7.976653696498054,0.2061855670103093,1.02880658436214,3.0501089324618738,-0.21141649048625794,-14.396887159533073,17.272727272727273
157,157,25090135,-2.1321961620469083,-2.832244008714597,11.041666666666666,-11.632270168855536,3.6016949152542375,0.408997955010225,1.0570824524312896,1.882845188284519,-11.134020618556702,26.68213457076566
158,158,25016105,-3.4334763948497855,-0.6666666666666667,12.554112554112553,-14.23076923076923,2.1367521367521367,0.6276150627615062,6.0344827586206895,-0.6097560975609756,0.9090909090909091,21.62162162162162
159,159,25034839,-4.904051172707889,2.242152466367713,10.690423162583519,-6.237424547283702,8.089887640449438,-0.8316008316008316,3.389830508474576,3.6885245901639343,14.095744680851062,13.286713286713287
160,160,25078569,0.21645021645021645,-1.9438444924406046,10.73684210526316,-7.79467680608365,-0.6237006237006237,2.928870292887029,6.622516556291391,-3.7267080745341614,-15.708812260536398,12.5
161,161,25078550,-4.166666666666666,-10.217391304347826,14.64968152866242,-12.407407407407407,2.2869022869022873,0.0,8.24524312896406,-1.953125,-6.262230919765166,31.941544885177453
162,162,25029789,-1.9607843137254901,-3.7777777777777777,12.527472527472527,-8.7890625,5.555555555555555,-0.8421052631578947,5.25164113785558,6.237006237006238,-9.832635983263598,26.218097447795824
163,163,25082922,-6.813186813186813,-0.7075471698113208,6.396588486140725,-11.22244488977956,3.11804008908686,0.21598272138228944,3.9911308203991127,-1.4925373134328357,-15.845824411134904,25.699745547073793
164,164,25082949,4.146341463414634,-7.259953161592506,18.246445497630333,-6.813627254509018,9.313725490196079,0.0,-0.22271714922048996,-8.258928571428571,-20.0,11.956521739130435
165,165,25020366,-7.252747252747254,4.502369668246446,-0.2012072434607646,-5.241935483870968,-5.769230769230769,7.2562358276643995,-0.8695652173913043,1.3157894736842104,-26.97768762677485,33.33333333333333
166,166,25019813,-1.9955654101995564,-1.3574660633484164,6.047516198704104,-5.7026476578411405,1.545253863134658,5.869565217391305,3.4261241970021414,0.0,-10.329670329670328,16.176470588235293
167,167,25004999,6.993006993006993,-7.4074074074074066,12.681912681912683,-15.682656826568268,9.567198177676538,-7.6923076923076925,32.16216216216216,-2.658486707566462,14.651162790697676,3.4482758620689653
168,168,25004883,-0.6369426751592357,-6.196581196581197,12.473118279569892,-11.281070745697896,4.086021505376344,-1.2396694214876034,4.700854700854701,-2.4489795918367347,12.300683371298406,2.636916835699797
169,169,25030566,-5.084745762711865,-3.125,8.315098468271334,-10.505050505050505,0.6564551422319475,0.0,5.010893246187364,-4.356846473029045,-6.45879732739421,17.857142857142858
170,170,25101978,-7.252747252747254,4.739336492890995,24.285714285714285,-13.409961685823754,5.0691244239631335,-4.824561403508771,2.2123893805309733,-3.0303030303030303,7.042253521126761,-0.5263157894736842
171,171,25085875,-10.633946830265849,-5.034324942791762,3.0800821355236137,-10.557768924302788,1.5283842794759825,-0.43010752688172044,0.631578947368421,-5.230125523012552,-5.348837209302325,31.941031941031937
172,172,25120778,-12.658227848101266,2.1739130434782608,1.9067796610169492,-1.4553014553014554,11.316397228637413,-3.7344398340248963,4.57516339869281,-3.75,-12.912087912087914,88.64353312302839
173,173,25128809,-16.424116424116423,5.970149253731343,7.758620689655173,-14.799999999999999,-17.429193899782135,16.62269129287599,7.657657657657657,2.301255230125523,-32.747252747252745,58.82352941176471
174,174,25120760,-7.010309278350515,-7.5388026607538805,15.72052401746725,-22.07547169811321,11.86046511627907,-16.424116424116423,-4.967602591792657,-8.636363636363637,42.675159235668794,-37.5
175,175,25087878,-14.285714285714285,6.218905472636816,1.4705882352941175,-16.563146997929607,-3.225806451612903,-9.11111111111111,-6.485355648535565,6.263982102908278,-40.87719298245614,22.8486646884273
176,176,25088220,-12.524461839530332,-3.803131991051454,16.247139588100687,-12.598425196850393,0.0,2.4070021881838075,14.87964989059081,-13.523809523809524,-29.549902152641877,18.333333333333332
177,177,25087860,-4.935622317596566,-3.3860045146726865,13.053097345132745,-7.045009784735812,4.867256637168142,2.7426160337552745,3.7199124726477026,-1.0548523206751055,-3.7647058823529407,41.56479217603912
178,178,25039032,-5.154639175257731,-5.869565217391305,7.966457023060797,-9.320388349514563,4.301075268817205,-0.6185567010309279,3.7267080745341614,-5.588822355289421,-7.066381156316917,6.912442396313365
179,179,25127977,-3.75,-3.463203463203463,8.799999999999999,-12.316176470588236,2.4539877300613497,0.5988023952095809,2.631578947368421,-7.495069033530571,-2.515723270440252,16.129032258064516
180,180,25086936,-3.2467532467532463,-6.7114093959731544,10.278372591006423,-10.485436893203884,3.4482758620689653,0.0,4.782608695652174,-5.601659751037345,-11.066398390342053,18.099547511312217
181,181,25086928,-3.225806451612903,0.0,15.777777777777777,-11.708253358925145,9.977827050997783,-4.435483870967742,8.369098712446352,-4.158415841584159,-1.8779342723004695,26.555023923444978
182,182,25086901,-2.127659574468085,-3.6956521739130435,13.31923890063425,-11.380597014925373,3.1578947368421053,-2.6530612244897958,2.330508474576271,-3.9337474120082816,-3.2710280373831773,15.458937198067632
183,183,25001477,-5.2854122621564485,-4.910714285714286,15.75492341356674,-11.153119092627598,7.28476821192053,0.205761316872428,5.485232067510549,-6.4,-6.6805845511482245,19.463087248322147
184,184,25041185,1.511879049676026,-8.72340425531915,10.425531914893616,-13.294797687861271,2.547770700636943,-2.484472049689441,0.41928721174004197,-5.6367432150313155,-14.47084233261339,4.797979797979798
185,185,25056620,-6.790123456790123,-3.7527593818984544,8.742004264392325,-10.980392156862745,3.655913978494624,-1.2448132780082988,4.670912951167728,-5.476673427991886,-11.67728237791932,15.625
186,186,25084526,-0.6355932203389831,-9.594882729211088,10.675381263616558,-12.992125984251967,1.7316017316017316,1.702127659574468,6.493506493506493,-3.861788617886179,-8.46456692913386,20.43010752688172
187,187,25042351,-5.8350100603621735,-1.7094017094017095,6.5764023210831715,-10.526315789473683,-0.20533880903490762,1.646090534979424,-4.980842911877394,-0.6048387096774194,-8.703703703703704,31.237322515212984
188,188,25011669,-3.6809815950920246,-9.129511677282377,10.975609756097562,-18.864468864468865,4.123711340206185,-7.128712871287128,0.2,-8.78243512974052,-10.28225806451613,12.359550561797752
189,189,25010565,-6.275303643724696,-5.399568034557236,5.030181086519115,-9.386973180076629,-3.2989690721649487,3.1982942430703627,-0.41067761806981523,-0.6185567010309279,-15.72052401746725,33.67875647668394
190,190,25044788,-7.302231237322515,-6.783369803063458,3.225806451612903,-12.3046875,1.9230769230769231,-2.7253668763102725,-0.6147540983606558,-0.8247422680412372,-20.428015564202333,25.4278728606357
191,191,25081888,-1.2711864406779663,-5.579399141630901,17.67241379310345,-13.36996336996337,7.28476821192053,-3.292181069958848,6.521739130434782,-4.6938775510204085,3.4934497816593884,10.126582278481013
192,192,25018094,-8.16326530612245,-1.7777777777777777,9.839357429718875,-14.442413162705666,0.0,1.050420168067227,-0.2061855670103093,1.859504132231405,-11.614173228346457,21.603563474387528
193,193,25122908,-0.43668122270742354,-7.675438596491229,14.92204899777283,-10.65891472868217,2.3655913978494625,0.6302521008403361,5.172413793103448,-8.19672131147541,-4.2105263157894735,13.406593406593407
194,194,25059629,-1.4613778705636742,-5.084745762711865,9.362549800796813,-11.475409836065573,-2.156862745098039,-0.2004008016032064,0.9861932938856016,-3.7109375,-18.959731543624162,30.848861283643892
195,195,25080849,-4.722792607802875,-3.8793103448275863,6.896551724137931,-12.333965844402277,-1.6666666666666667,3.8135593220338984,3.470715835140998,4.40251572327044,-12.180746561886052,20.581655480984338
196,196,25006223,-6.2761506276150625,0.2232142857142857,12.421052631578949,-10.299625468164795,5.446623093681917,2.066115702479339,1.4373716632443532,-3.0364372469635628,-0.23364485981308408,27.166276346604217
197,197,25013840,1.55902004454343,-3.9473684210526314,13.771186440677965,-11.1731843575419,2.9535864978902953,0.0,13.978494623655912,-9.056603773584905,3.2193158953722336,15.594541910331383
198,198,25068342,-2.345415778251599,-1.3100436681222707,14.498933901918976,-11.1731843575419,5.376344086021505,-3.061224489795918,9.347826086956522,-6.759443339960239,0.6,0.9940357852882704
199,199,25009931,-3.2388663967611335,-8.786610878661087,10.144927536231885,-12.030075187969924,4.592901878914405,-2.7944111776447107,5.228758169934641,-4.3478260869565215,-3.2442748091603053,7.495069033530571
200,200,25080016,-5.957446808510639,-6.787330316742081,7.822410147991543,-10.392156862745098,4.721030042918455,-1.4344262295081966,9.030837004405285,-4.848484848484849,-0.8658008658008658,18.5589519650655
201,201,25027026,-9.465020576131687,-0.22727272727272727,7.43099787685775,-8.102766798418973,1.0845986984815619,2.7896995708154506,1.2345679012345678,-2.8455284552845526,-6.25,10.804597701149426
202,202,25077759,-4.132231404958678,-4.741379310344827,9.572301425661914,-15.241635687732341,3.382663847780127,-3.2719836400818,2.2821576763485476,-6.693711967545639,-11.69811320754717,11.965811965811966
203,203,25001825,-5.1080550098231825,-2.691511387163561,9.5703125,-14.43850267379679,1.1764705882352942,-1.937984496124031,6.560636182902585,-7.649253731343284,-8.928571428571429,10.16042780748663
204,204,25001906,-5.95482546201232,-6.768558951965066,6.751054852320674,-12.25296442687747,0.4291845493562232,-1.9230769230769231,-0.628930817610063,0.21097046413502107,-11.990950226244344,23.13624678663239
205,205,25001833,-4.2105263157894735,0.21978021978021978,14.623655913978496,-11.819887429643527,6.911447084233262,-1.2121212121212122,5.844155844155844,0.2044989775051125,8.101851851851851,25.481798715203425
206,206,25083490,0.0,-7.142857142857142,14.743589743589745,-11.91806331471136,4.904051172707889,-0.40650406504065045,6.798245614035088,-1.2320328542094456,-5.343511450381679,22.177419354838708
207,207,25060996,-8.9171974522293,5.361305361305361,6.369426751592357,-5.788423153692615,6.23608017817372,3.1446540880503147,5.777777777777778,-0.42016806722689076,5.79064587973274,15.789473684210526
208,208,25015320,-3.0364372469635628,-5.219206680584551,13.96761133603239,-15.630550621669629,7.368421052631578,-5.098039215686274,7.723577235772358,-2.6415094339622645,6.83453237410072,13.973063973063974
209,209,25080407,-7.872340425531915,1.8475750577367205,12.06140350877193,-9.58904109589041,4.932735426008969,1.7094017094017095,3.78619153674833,-1.2875536480686696,2.891566265060241,13.348946135831383
210,210,25057146,-2.642276422764228,-3.7578288100208765,9.274193548387096,-8.856088560885608,3.278688524590164,3.1746031746031744,1.0373443983402488,4.1067761806981515,4.8,18.51145038167939
211,211,25086316,-3.7422037422037424,-4.319654427645788,8.902691511387163,-8.365019011406844,3.1847133757961785,2.4691358024691357,5.781584582441114,0.6072874493927125,-2.0876826722338206,18.336886993603414
212,212,25080261,-9.164969450101832,-6.053811659192825,4.294478527607362,-8.627450980392156,-5.737704918032787,1.3043478260869565,5.781584582441114,-8.502024291497975,-21.79261862917399,12.808988764044942
213,213,25080270,8.314087759815243,-13.432835820895523,24.821002386634845,-17.78202676864245,3.1446540880503147,-4.0650406504065035,16.904761904761905,-3.8696537678207736,-6.382978723404255,5.681818181818182
214,214,25051296,-3.648068669527897,-0.4454342984409799,13.606911447084233,-7.984790874524715,7.066381156316917,-4.3999999999999995,0.21598272138228944,4.525862068965517,-3.325942350332594,13.302752293577983
215,215,25051660,6.0344827586206895,-3.6585365853658534,6.4646464646464645,-9.67741935483871,4.925053533190578,0.0,-2.004008016032064,1.2269938650306749,13.19910514541387,19.1699604743083
216,216,25009559,0.211864406779661,-14.587737843551796,5.154639175257731,-10.784313725490197,0.8620689655172413,-0.2136752136752137,2.240325865580448,-1.9920318725099602,-28.799999999999997,33.70786516853933
217,217,25110780,-1.6985138004246285,-5.399568034557236,21.945701357466064,-12.615955473098332,10.10989010989011,2.19560878243513,14.285714285714285,-1.3888888888888888,36.75,14.259597806215721
218,218,25066676,-1.9313304721030045,-4.814004376367615,13.461538461538462,-13.370998116760829,5.627705627705628,-0.6147540983606558,5.183585313174946,-4.1067761806981515,-10.782241014799155,42.89099526066351
219,219,25075918,-1.2711864406779663,-8.798283261802576,2.941176470588235,-6.73469387755102,-0.8658008658008658,1.0917030567685588,6.236559139784946,-9.51417004048583,-8.714596949891067,14.558472553699284
220,220,25037137,-9.224318658280922,-2.3094688221709005,5.3078556263269645,-10.080645161290322,-5.701754385964912,7.906976744186046,2.178649237472767,-1.9189765458422177,1.7721518987341773,-1.7412935323383085
221,221,25089250,-3.563941299790356,-5.869565217391305,8.0,-12.280701754385964,0.20964360587002098,-2.092050209205021,1.89873417721519,-4.761904761904762,-1.6632016632016633,10.570824524312897
222,222,25084445,-1.4583333333333333,-7.822410147991543,16.0676532769556,-13.479052823315119,7.06401766004415,0.8247422680412372,6.25,-3.6511156186612577,11.529933481152993,7.3558648111332
223,223,25053124,-1.2526096033402923,-2.3255813953488373,4.930966469428008,-4.887218045112782,3.0864197530864197,3.3932135728542914,-0.19607843137254902,7.465618860510806,-1.1560693641618496,25.53606237816764
224,224,25089838,-2.386117136659436,-2.4444444444444446,19.134396355353076,-11.089866156787762,11.009174311926607,-0.6198347107438017,4.814004376367615,-6.471816283924843,7.5650118203309695,25.934065934065938
225,225,25014412,-7.630522088353414,-10.434782608695652,4.752475247524752,-17.01323251417769,-1.4522821576763485,-2.9473684210526314,0.6382978723404255,-4.439746300211417,-10.314685314685315,-4.678362573099415
226,226,25067869,-5.739514348785872,-2.3419203747072603,7.809110629067245,-8.048289738430583,-1.1086474501108647,-0.672645739910314,-1.276595744680851,-3.6637931034482754,-11.60337552742616,18.85441527446301
227,227,25039504,-3.3264033264033266,-4.731182795698925,12.159329140461216,-15.700934579439252,-1.6597510373443984,-2.109704641350211,0.8333333333333334,-4.958677685950414,1.3274336283185841,6.11353711790393
228,228,25033204,-0.8528784648187633,-5.161290322580645,11.864406779661017,-15.340909090909092,1.4613778705636742,-3.292181069958848,6.995884773662551,-6.923076923076923,-3.861003861003861,4.417670682730924
229,229,25050427,0.20964360587002098,-8.368200836820083,18.143459915611814,-18.21428571428571,5.720338983050848,-1.2024048096192386,4.782608695652174,-0.6224066390041494,-14.130434782608695,11.60337552742616
230,230,25030116,-6.947368421052631,-5.203619909502263,8.008658008658008,-10.220440881763528,3.8636363636363633,1.75054704595186,1.6985138004246285,1.6701461377870561,0.5405405405405406,29.56989247311828
231,231,25006029,-0.21505376344086022,-11.422413793103448,13.191489361702127,-14.849624060150376,3.8135593220338984,-11.020408163265307,1.9230769230769231,-6.289308176100629,17.12962962962963,-3.1620553359683794
232,232,25023187,-10.040983606557377,-2.9612756264236904,5.895196506550218,-14.02061855670103,-6.609808102345416,0.228310502283105,7.207207207207207,-5.46218487394958,-34.841628959276015,53.47222222222222
233,233,25088572,-4.721030042918455,-5.405405405405405,6.485355648535565,-11.984282907662083,-1.5250544662309369,4.646017699115045,-2.7600849256900215,-1.0917030567685588,-4.713114754098361,-0.8602150537634409
234,234,25088530,-2.391304347826087,-7.126948775055679,11.48936170212766,-12.022900763358779,2.1881838074398248,0.21413276231263384,3.1042128603104215,-6.881720430107527,-8.564814814814815,24.30379746835443
235,235,25088785,-7.991803278688526,-6.904231625835189,11.422413793103448,-13.926499032882012,1.7391304347826086,-1.0683760683760684,3.711790393013101,-2.736842105263158,-10.33138401559454,17.391304347826086
236,236,25062638,-5.809128630705394,-3.303964757709251,6.570841889117044,-13.102119460500964,-2.3157894736842106,2.8017241379310347,-1.4344262295081966,-1.0395010395010396,-14.476190476190476,17.37193763919822
237,237,25062816,-4.149377593360995,-3.2467532467532463,14.601769911504425,4.054054054054054,13.596491228070176,4.440154440154441,14.657210401891252,-11.134020618556702,-40.67796610169492,63.714285714285715
238,238,25092111,-5.473684210526316,-4.67706013363029,17.48878923766816,-15.458015267175574,5.643340857787811,-2.7777777777777777,4.366812227074235,-6.066945606694561,-17.078651685393258,23.035230352303522
239,239,25044362,-1.7429193899782136,-7.317073170731707,13.304721030042918,-7.954545454545454,8.207343412526997,-0.5988023952095809,4.008438818565401,-7.707910750507099,-3.397027600849257,6.593406593406594
240,240,25086049,-5.2410901467505235,-4.424778761061947,6.13107822410148,-3.5856573705179287,-1.735357917570499,10.154525386313466,4.310344827586207,0.4132231404958678,-15.011037527593817,37.4025974025974
241,241,25120751,-5.591397849462366,-3.644646924829157,11.23110151187905,-14.757281553398057,5.18018018018018,-0.4282655246252677,0.0,-1.948051948051948,2.0,10.294117647058822
242,242,25067133,-6.423982869379015,-4.805491990846682,10.32258064516129,-13.255360623781677,0.21505376344086022,0.4291845493562232,2.586206896551724,-3.571428571428571,-7.08502024291498,16.99346405228758
243,243,25052802,1.502145922746781,-1.2684989429175475,18.142548596112313,-11.882998171846435,6.779661016949152,-2.976190476190476,5.42299349240781,8.23045267489712,-19.7265625,45.01216545012166
244,244,25031783,-8.113590263691684,-9.713024282560706,5.930470347648262,-12.934362934362934,-1.0438413361169103,-4.641350210970464,2.404809619238477,-8.610567514677104,-9.25553319919517,-0.22172949002217296
245,245,25019538,-4.496788008565311,-5.605381165919283,12.337662337662337,-14.258188824662813,1.7391304347826086,-4.700854700854701,3.2467532467532463,-6.079664570230608,-4.31266846361186,23.943661971830984
246,246,25025635,-2.9166666666666665,-8.15450643776824,5.708245243128964,-9.0,-1.4675052410901468,-2.127659574468085,4.477611940298507,0.8163265306122449,-1.9157088122605364,1.7578125
247,247,25058991,1.1111111111111112,-10.54945054945055,9.49367088607595,-14.836223506743737,1.9522776572668112,-0.2127659574468085,6.4732142857142865,-12.997903563941298,-5.777777777777778,33.490566037735846
248,248,25086324,-9.74155069582505,-3.9647577092511015,5.219206680584551,-12.5,1.4767932489451476,-5.197505197505198,-3.1779661016949152,1.0940919037199124,11.224489795918368,21.55963302752294
249,249,25078992,-2.9473684210526314,-7.158351409978309,11.92468619246862,-13.644859813084112,4.731182795698925,-2.0533880903490758,6.263498920086392,-5.691056910569105,-6.085192697768763,16.414686825053995
250,250,25126415,-1.4583333333333333,-4.0169133192389,8.113590263691684,-7.129455909943714,4.742268041237113,-2.1653543307086616,9.090909090909092,-11.851851851851853,5.095541401273886,8.282828282828284
251,251,25017080,-4.219409282700422,0.22026431718061676,11.01511879049676,-7.198443579766536,5.764966740576496,4.40251572327044,6.12691466083151,7.216494845360824,0.81799591002045,27.789046653144016
252,252,25005995,-4.291845493562231,-1.5695067264573992,6.25,-4.056795131845842,-0.6637168141592921,9.131403118040089,-1.4989293361884368,1.5217391304347827,-6.550218340611353,18.925233644859812
253,253,25012940,1.0822510822510822,-13.062098501070663,14.099783080260304,-12.357414448669202,0.2232142857142857,2.4498886414253898,1.0869565217391304,-2.1505376344086025,5.769230769230769,17.272727272727273
254,254,25048368,-5.793991416309012,-5.922551252847381,-0.6198347107438017,-10.187110187110187,-7.563025210084033,2.272727272727273,-0.45871559633027525,0.0,-10.304449648711945,44.64751958224543
255,255,25098632,-2.0876826722338206,-7.889125799573561,4.2682926829268295,-9.551656920077972,3.854389721627409,-5.360824742268041,-1.702127659574468,-3.463203463203463,-14.166666666666666,20.388349514563107
256,256,25070088,-4.329004329004329,-0.22624434389140274,11.725663716814159,-7.326732673267326,0.43103448275862066,3.2188841201716736,6.695464362850973,-8.097165991902834,14.039408866995073,3.2397408207343417
257,257,25007092,-2.8629856850715747,-6.7368421052631575,14.760914760914762,-16.847826086956523,8.752735229759299,-5.432595573440644,6.638115631691649,-6.827309236947792,3.803131991051454,-4.525862068965517
258,258,25012916,-5.8212058212058215,-6.181015452538632,8.860759493670885,-10.271317829457365,0.4291845493562232,1.7094017094017095,3.821656050955414,-1.6359918200409,-15.415821501014198,20.38369304556355
259,259,25019740,-4.0,-6.578947368421052,10.191082802547772,-12.909441233140656,-0.42105263157894735,0.0,3.4334763948497855,-1.4522821576763485,-26.0,38.57493857493858
260,260,25000640,-5.353319057815846,-3.619909502262444,9.67741935483871,-15.490196078431373,1.7467248908296942,-3.4334763948497855,5.434782608695652,-4.948453608247423,-13.707865168539326,30.208333333333332
261,261,25040014,-8.637236084452974,-2.5210084033613445,2.676864244741874,-7.076350093109869,0.7905138339920948,0.0,3.6398467432950192,-7.208872458410351,1.8867924528301887,4.814814814814815
262,262,25038478,-7.756813417190776,3.6363636363636362,10.256410256410255,-8.527131782945736,-1.059322033898305,7.066381156316917,3.2327586206896552,0.6263048016701461,-10.869565217391305,36.34146341463415
263,263,25051598,-4.761904761904762,-3.0434782608695654,1.5625,-8.269230769230768,0.8385744234800839,1.2474012474012475,2.0325203252032518,-0.9960159362549801,-15.828677839851025,32.743362831858406
264,264,25060406,-6.1571125265392785,-1.3574660633484164,10.683760683760683,-11.196911196911197,6.5462753950338595,0.6355932203389831,6.320541760722348,-1.0615711252653928,4.314720812182741,25.790754257907544
265,265,25060376,-3.7267080745341614,-4.731182795698925,14.107883817427386,-13.818181818181818,4.680851063829787,-1.6260162601626018,6.485355648535565,-5.1080550098231825,-9.742647058823529,22.606924643584524
266,266,25087355,-3.118503118503119,-6.437768240343347,14.92204899777283,-13.178294573643413,4.175824175824175,2.320675105485232,4.565217391304348,-3.118503118503119,-12.128712871287128,40.0
267,267,25089242,-6.331877729257641,1.8648018648018647,12.419700214132762,-16.19047619047619,4.656319290465632,0.211864406779661,-4.273504273504273,0.8928571428571428,4.10958904109589,9.736842105263158
268,268,25122401,-2.4691358024691357,-4.219409282700422,17.56198347107438,-13.356766256590511,10.947368421052632,-5.88235294117647,3.3333333333333335,-0.6048387096774194,-7.428571428571429,26.74897119341564
269,269,25034219,-15.17509727626459,-5.045871559633028,0.0,-5.175983436853002,-9.109311740890687,4.4543429844097995,6.430155210643015,-9.166666666666666,-3.4375000000000004,7.766990291262135
270,270,25034200,-3.0501089324618738,-3.3707865168539324,21.476510067114095,-16.94290976058932,4.366812227074235,1.0460251046025104,5.694760820045558,1.293103448275862,6.20347394540943,-5.841121495327103
271,271,25016059,-0.8849557522123894,-2.6785714285714284,14.317673378076062,-10.567514677103718,4.932735426008969,0.4273504273504274,1.875,-7.975460122699387,-10.62618595825427,21.231422505307858
272,272,25047450,-5.756929637526652,-1.583710407239819,11.804008908685969,-8.366533864541832,7.57238307349666,2.070393374741201,15.207373271889402,-5.2,-8.008658008658008,22.35294117647059
273,273,25084950,-3.870967741935484,-6.0402684563758395,1.694915254237288,-4.375,-1.3100436681222707,4.867256637168142,5.3097345132743365,-1.2605042016806722,-19.463087248322147,47.22222222222222
274,274,25101099,-3.2327586206896552,-10.913140311804009,21.07728337236534,-18.762088974854933,8.591885441527445,1.7582417582417582,15.254237288135593,-8.61344537815126,-16.304347826086957,28.05194805194805
275,275,25101072,-12.778904665314403,2.0930232558139537,2.079002079002079,-6.720977596741344,-3.5269709543568464,-0.21505376344086022,-2.1881838074398248,3.803131991051454,-25.571725571725572,40.502793296089386
276,276,25054180,-5.918367346938775,-5.206073752711497,3.8461538461538463,-13.840155945419102,3.75,-4.016064257028113,4.098360655737705,-7.283464566929133,-10.278372591006423,10.978520286396181
277,277,25066374,-5.394190871369295,-6.578947368421052,7.740585774058577,-11.067961165048544,1.4989293361884368,0.42194092827004215,-2.092050209205021,0.0,-10.266940451745379,24.485125858123567
278,278,25037781,5.311778290993072,-6.578947368421052,17.270788912579956,-15.090909090909092,9.977324263038549,-1.6494845360824744,10.79295154185022,-7.3558648111332,-8.937198067632849,38.46153846153847
279,279,25014692,4.656319290465632,-7.203389830508475,12.903225806451612,-13.523809523809524,4.872881355932203,-2.4242424242424243,-2.5390625,-4.008016032064128,-26.6260162601626,57.61772853185596
280,280,25058975,-3.71900826446281,-5.793991416309012,16.30901287553648,-12.361623616236162,4.925053533190578,-3.061224489795918,2.9598308668076108,-1.2320328542094456,-5.7312252964426875,6.918238993710692
281,281,25042661,1.0615711252653928,-7.773109243697479,8.668076109936575,-6.420233463035019,7.964601769911504,1.2295081967213115,6.302521008403361,-4.3478260869565215,6.430155210643015,17.708333333333336
282,282,25003410,-9.917355371900827,-3.89908256880734,1.8292682926829267,-14.37125748502994,-8.45360824742268,2.027027027027027,-2.459016393442623,-3.1512605042016806,-23.18007662835249,-6.733167082294264
283,283,25020374,-4.444444444444445,-5.5813953488372094,19.12442396313364,-10.831721470019342,5.080831408775981,-2.197802197802198,3.935185185185185,-2.2271714922048997,-13.157894736842104,23.636363636363637
284,284,25000047,1.9271948608137044,-5.6722689075630255,17.841409691629956,-11.962616822429908,5.228758169934641,-1.6563146997929608,9.210526315789473,-3.614457831325301,-9.568480300187618,40.04149377593361
285,285,25012193,-6.365503080082135,-6.359649122807018,11.670020120724347,-11.351351351351353,0.20161290322580644,-2.0120724346076457,9.243697478991598,-8.846153846153847,-4.790419161676647,17.81970649895178
286,286,25003844,-3.0927835051546393,-7.234042553191489,10.12396694214876,-12.94559099437148,2.7253668763102725,-1.2244897959183674,3.861788617886179,-6.457925636007827,-10.429447852760736,18.2648401826484
287,287,25048350,-2.8260869565217392,-2.684563758389262,15.948275862068966,-17.657992565055764,8.4070796460177,-5.3061224489795915,11.82033096926714,-1.6913319238900635,1.0101010101010102,5.0
288,288,25023489,-0.2222222222222222,-7.349665924276169,11.91588785046729,-7.09812108559499,5.045871559633028,0.8733624454148471,2.8260869565217392,-3.382663847780127,8.717948717948717,30.660377358490564
289,289,25049496,-6.352459016393443,-4.814004376367615,6.300813008130081,-11.089866156787762,-0.4149377593360996,0.20833333333333334,0.628930817610063,-2.2916666666666665,-18.21493624772313,8.908685968819599
290,290,25041525,2.510460251046025,-8.979591836734693,11.530398322851152,-8.270676691729323,6.118143459915612,-2.783300198807157,1.4583333333333333,-1.642710472279261,-13.91941391941392,25.744680851063826
291,291,25056581,6.140350877192982,-7.231404958677685,27.37819025522042,-11.839708561020036,19.617224880382775,-3.0,29.84054669703872,-14.385964912280702,48.67724867724868,-2.6690391459074734
292,292,25053493,-4.150197628458498,-5.154639175257731,6.4638783269961975,-11.25,-0.8146639511201629,5.749486652977413,11.73913043478261,-4.085603112840467,-15.311909262759924,22.767857142857142
293,293,25065513,-5.450733752620545,-8.2039911308204,5.496828752642706,-14.228456913827655,6.607929515418502,-10.330578512396695,-3.50109409190372,-0.9070294784580499,19.841269841269842,-5.298013245033113
294,294,25045377,-0.8421052631578947,-8.280254777070063,16.63157894736842,-17.14801444043321,9.148936170212766,-6.432748538011696,7.773109243697479,-11.695906432748536,5.591397849462366,-0.40733197556008144
295,295,25115359,-3.2119914346895073,-4.867256637168142,11.529933481152993,-10.73558648111332,5.417607223476298,-2.569593147751606,9.45054945054945,-7.83132530120482,-7.74818401937046,13.910761154855644
296,296,25045466,-4.468085106382979,-10.690423162583519,7.468879668049793,-12.162162162162163,-3.9337474120082816,-1.7241379310344827,6.775700934579438,-1.5317286652078774,26.912181303116146,-4.017857142857143
297,297,25052497,-2.9978586723768736,-4.194260485651214,11.627906976744185,-13.068181818181818,8.4070796460177,-0.8163265306122449,-4.1928721174004195,3.938730853391685,1.6597510373443984,19.183673469387756
298,298,25027573,3.711790393013101,-12.842105263157894,15.945330296127564,-14.931237721021612,4.761904761904762,-4.112554112554113,6.1946902654867255,-7.916666666666666,3.3112582781456954,-0.4273504273504274
299,299,25066013,-0.21551724137931033,-7.991360691144708,12.783505154639174,-19.012797074954296,-1.9027484143763214,0.8620689655172413,1.2987012987012987,-5.128205128205128,4.910714285714286,6.382978723404255
300,300,25050435,-1.882845188284519,0.42643923240938164,10.975609756097562,-5.311355311355311,7.337526205450734,0.390625,10.212765957446807,2.3166023166023164,-4.537205081669692,13.688212927756654
301,301,25022296,-4.710920770877944,0.22471910112359553,11.063829787234042,-8.812260536398467,2.8446389496717726,2.553191489361702,5.9447983014862,-3.2064128256513023,-13.900414937759336,12.530120481927712
302,302,25063359,-4.554865424430641,-8.676789587852495,6.423982869379015,-10.663983903420524,-5.894736842105263,0.22371364653243847,3.070175438596491,-8.51063829787234,-9.846827133479213,21.844660194174757
303,303,25043897,-6.652806652806653,-3.11804008908686,6.694560669456067,-9.607843137254903,1.948051948051948,-0.42462845010615713,4.731182795698925,-3.696098562628337,-16.163793103448278,41.90231362467866
304,304,25037226,-8.72210953346856,0.6666666666666667,8.59538784067086,-7.335907335907336,3.411513859275053,3.711340206185567,-1.6359918200409,3.7422037422037424,-18.574108818011258,19.81566820276498
305,305,25037234,6.837606837606838,-4.0,14.254859611231103,4.914933837429111,5.263157894736842,13.695652173913043,-3.7444933920704844,9.153318077803203,40.27777777777778,2.31023102310231
306,306,25061402,-0.8163265306122449,-1.8518518518518516,16.801619433198383,-12.305025996533796,7.468879668049793,-0.7722007722007722,19.333333333333332,-5.95903165735568,14.02439024390244,14.43850267379679
307,307,25002457,9.933774834437086,-12.851405622489958,12.601626016260163,-15.523465703971121,3.1645569620253164,-1.8404907975460123,-1.0330578512396695,0.0,-17.435897435897434,30.434782608695656
308,308,25057820,-2.1141649048625792,-4.967602591792657,9.95850622406639,-11.50943396226415,1.2474012474012475,-0.41067761806981523,1.7094017094017095,-2.941176470588235,-18.7984496124031,36.9928400954654
309,309,25016164,-5.383022774327122,-2.62582056892779,18.259023354564754,-17.235188509874327,3.655913978494624,-0.6224066390041494,-5.967078189300412,0.0,3.4482758620689653,-33.51851851851852
310,310,25060058,-5.970149253731343,0.6802721088435374,5.3418803418803416,-3.6511156186612577,3.056768558951965,5.720338983050848,-1.4675052410901468,2.9787234042553195,-4.722792607802875,26.939655172413797
311,311,25040820,0.0,1.680672268907563,13.692946058091287,-12.043795620437956,10.021321961620469,-3.875968992248062,6.5400843881856545,1.9801980198019802,10.973084886128365,7.276119402985075
312,312,25054783,-5.338809034907597,-0.43383947939262474,8.436213991769549,-8.918406072106261,2.5,0.20325203252032523,5.485232067510549,-0.8,-3.0303030303030303,26.875
313,313,25087738,-0.4464285714285714,-4.260089686098654,9.643605870020965,-11.854684512428298,1.9607843137254901,1.0683760683760684,3.2397408207343417,-4.602510460251046,-16.83778234086242,19.25925925925926
314,314,25024175,-0.8602150537634409,-3.036876355748373,12.691466083150985,-12.815533980582524,4.867256637168142,-0.21097046413502107,4.264392324093817,1.2269938650306749,-24.137931034482758,33.68983957219251
315,315,25051580,-0.6329113924050633,-5.9447983014862,14.07563025210084,-10.681399631675875,6.823027718550106,-0.5988023952095809,2.9350104821802936,-3.2586558044806515,6.437768240343347,18.346774193548388
316,316,25012207,-7.613168724279835,-4.008908685968819,14.743589743589745,-14.52513966480447,2.736842105263158,-0.20491803278688525,6.105263157894736,-9.722222222222223,-11.958762886597938,29.97658079625293
317,317,25032968,-1.3513513513513513,-9.1324200913242,11.283185840707963,-15.50695825049702,4.929577464788732,-1.1185682326621924,5.239179954441914,-0.6493506493506493,-1.1848341232227488,8.633093525179856
318,318,25045059,3.2679738562091507,-7.383966244725738,15.44885177453027,-11.754068716094032,7.096774193548387,0.2008032128514056,11.790393013100436,-7.421875,2.2448979591836733,12.17564870259481
319,319,25019597,-6.952965235173824,-1.7582417582417582,7.218683651804671,-2.5742574257425743,1.263157894736842,3.7422037422037424,0.823045267489712,-3.6734693877551026,-11.213235294117647,14.906832298136646
320,320,25082272,-3.6170212765957444,-3.9735099337748347,3.917525773195876,-10.515873015873016,0.8714596949891068,1.079913606911447,-1.0482180293501049,0.0,-10.222222222222223,22.524752475247524
321,321,25054490,-4.536082474226804,-7.343412526997841,5.274261603375527,-12.224448897795591,-0.42194092827004215,-2.754237288135593,6.843267108167771,-6.8181818181818175,6.164383561643835,9.89247311827957
322,322,25025368,9.15032679738562,-12.77445109780439,15.966386554621847,-14.31159420289855,7.311827956989248,-8.016032064128256,10.195227765726681,-11.220472440944881,-1.761252446183953,-7.370517928286853
323,323,25078143,-5.9196617336152215,-3.146067415730337,1.545253863134658,3.0434782608695654,-2.813852813852814,5.79064587973274,-10.191082802547772,7.5650118203309695,-16.17933723196881,-15.348837209302326
324,324,25078135,-4.246284501061571,-3.9911308203991127,9.18580375782881,-10.133843212237094,-0.2136752136752137,0.21413276231263384,-4.637096774193548,-4.862579281183932,-20.315581854043394,29.455445544554454
325,325,25032518,-6.369426751592357,-6.349206349206349,8.76068376068376,-16.110019646365423,-1.3157894736842104,-4.888888888888889,2.7600849256900215,-10.330578512396695,-21.616161616161616,19.84536082474227
326,326,25038796,-14.203454894433781,1.5659955257270695,4.545454545454546,-10.207939508506616,-3.3057851239669422,2.564102564102564,0.43383947939262474,-3.8876889848812093,-11.91919191919192,30.963302752293576
327,327,25036017,-6.369426751592357,-2.0408163265306123,12.418300653594772,-14.534883720930234,6.696428571428571,-4.811715481171548,7.760532150776053,-9.876543209876543,-22.779922779922778,20.75
328,328,25081349,-3.1446540880503147,-6.70995670995671,15.610859728506787,-16.634050880626223,0.8695652173913043,-0.21551724137931033,6.11353711790393,-8.23045267489712,-7.00218818380744,15.529411764705884
329,329,25025830,-5.36480686695279,-2.494331065759637,9.850107066381156,-16.764132553606238,0.8714596949891068,-1.511879049676026,2.109704641350211,-9.50413223140496,-4.966139954853273,7.8384798099762465
330,330,25053728,5.0884955752212395,-8.631578947368421,6.118143459915612,-11.332007952286283,3.7280701754385963,-4.439746300211417,7.333333333333333,-7.6604554865424435,-30.711610486891384,32.972972972972975
331,331,25062220,-4.583333333333333,1.0917030567685588,10.408163265306122,-10.166358595194085,2.9723991507431,1.0309278350515463,2.7253668763102725,-2.2448979591836733,-13.018867924528301,29.067245119305856
332,332,25047116,-3.1982942430703627,-5.947136563876652,13.157894736842104,-11.434108527131782,4.867256637168142,-5.485232067510549,11.45374449339207,-9.288537549407115,-19.36127744510978,29.207920792079207
333,333,25089560,-1.8223234624145785,-9.048723897911833,16.517857142857142,-17.81609195402299,2.813852813852814,-1.8947368421052633,7.373271889400922,3.648068669527897,-19.852941176470587,43.11926605504588
334,334,25089552,-0.8565310492505354,-5.615550755939525,21.973094170403588,-17.27941176470588,7.625272331154684,-4.8582995951417,12.128146453089245,-4.6938775510204085,13.594470046082948,13.995943204868155
335,335,25017438,1.735357917570499,-8.315565031982942,7.5388026607538805,-9.690721649484537,7.606263982102908,-4.5738045738045745,6.140350877192982,-7.644628099173553,-2.4498886414253898,16.210045662100455
336,336,25084992,-2.941176470588235,-5.844155844155844,7.474747474747474,-14.661654135338345,1.6528925619834711,-0.20325203252032523,5.932203389830509,-5.2,-20.161290322580644,21.21212121212121
337,337,25049372,-4.781704781704782,0.0,4.98960498960499,-0.39603960396039606,-0.42462845010615713,10.44776119402985,-3.4693877551020407,8.879492600422834,-4.862579281183932,-4.222222222222222
338,338,25118579,-5.8350100603621735,-5.3418803418803416,11.814345991561181,-9.622641509433963,2.8017241379310347,-0.20964360587002098,1.059322033898305,-3.1446540880503147,-24.2603550295858,15.885416666666666
339,339,25003054,-6.708595387840671,1.348314606741573,10.805084745762713,-5.927342256214149,-3.4334763948497855,13.111111111111112,3.2679738562091507,7.383966244725738,-19.569471624266143,36.009732360097324
340,340,25020102,-4.4491525423728815,-3.9911308203991127,3.0425963488843815,-4.330708661417323,1.6771488469601679,-0.4123711340206186,-2.1359223300970873,-5.357142857142857,-6.326530612244897,15.468409586056644
341,341,25048775,-4.166666666666666,0.2288329519450801,21.476510067114095,-13.259668508287293,18.88111888111888,-3.5294117647058822,8.533916849015318,-1.0080645161290323,28.39506172839506,0.38461538461538464
342,342,25048880,-3.292181069958848,-2.9787234042553195,12.734864300626306,-11.666666666666666,6.8893528183716075,-4.8828125,5.383022774327122,-5.697445972495088,-4.9079754601226995,16.7741935483871
343,343,25033786,-4.516129032258064,-4.72972972972973,3.0864197530864197,-6.187624750499002,-0.4319654427645789,4.989154013015185,4.291845493562231,-3.0864197530864197,-16.194331983805668,27.77777777777778
344,344,25023896,-1.7167381974248928,-9.606986899563319,11.864406779661017,-13.636363636363635,1.7241379310344827,-2.5423728813559325,12.340425531914894,-9.469696969696969,9.868421052631579,13.572854291417165
345,345,25033794,2.591792656587473,-16.63157894736842,10.14799154334038,-17.85028790786948,7.322654462242563,-2.9850746268656714,0.8639308855291578,-9.635974304068522,-16.94915254237288,7.142857142857142
346,346,25123297,-6.313645621181263,-0.6521739130434783,14.545454545454545,-10.405643738977071,1.2658227848101267,7.5,6.68103448275862,4.848484848484849,-26.26970227670753,28.26603325415677
347,347,25087304,-3.8054968287526427,-7.9120879120879115,13.318777292576419,-11.946050096339114,3.829787234042553,-2.663934426229508,6.25,-2.941176470588235,-9.347826086956522,-5.755395683453238
348,348,25014951,-9.465020576131687,-1.8181818181818181,7.566462167689162,-5.133079847908745,3.2119914346895073,5.809128630705394,2.553191489361702,3.7344398340248963,35.158501440922194,15.351812366737741
349,349,25001302,-4.722792607802875,-7.112068965517242,11.804008908685969,-15.139442231075698,0.44742729306487694,2.2271714922048997,1.293103448275862,-5.106382978723404,-10.0418410041841,4.651162790697675
350,350,25028103,-3.6717062634989204,-4.484304932735426,4.411764705882353,-6.639839034205232,-1.0869565217391304,4.175824175824175,8.902691511387163,-16.920152091254753,-50.413223140495866,85.83333333333333
351,351,25047469,1.7738359201773837,-8.49673202614379,23.23008849557522,-13.10592459605027,4.98960498960499,-2.5742574257425743,13.090128755364807,-4.554079696394687,-9.940357852882704,40.397350993377486
352,352,25014226,-5.967078189300412,-2.1881838074398248,4.246284501061571,-4.0733197556008145,0.8403361344537815,-0.8333333333333334,6.837606837606838,1.7999999999999998,-11.899791231732777,16.587677725118482
353,353,25062069,-3.278688524590164,-8.47457627118644,7.422680412371134,-9.596928982725528,2.301255230125523,-2.4539877300613497,6.595744680851063,-5.9880239520958085,-2.0161290322580645,13.786008230452676
354,354,25031481,-5.797101449275362,-6.153846153846154,5.809128630705394,-10.196078431372548,3.9473684210526314,-1.6877637130801686,3.3126293995859215,-1.8036072144288577,-7.678244972577697,5.346534653465347
355,355,25049640,-3.0434782608695654,-11.210762331838566,17.88235294117647,-15.768463073852296,-0.8771929824561403,-5.3097345132743365,-0.6437768240343348,0.21598272138228944,2.1148036253776437,77.51479289940828
356,356,25002422,-0.6423982869379015,-5.603448275862069,10.655737704918032,-12.037037037037036,2.9166666666666665,-0.20242914979757085,4.612159329140461,-6.212424849699398,-7.339449541284404,-16.831683168316832
357,357,25009192,2.857142857142857,-8.76068376068376,23.042505592841163,-15.818181818181817,16.894977168949772,-8.203125,17.218543046357617,-9.416195856873824,2.2916666666666665,20.773930753564155
358,358,25067737,0.4454342984409799,-0.6651884700665188,11.158798283261802,-7.142857142857142,6.498951781970649,0.7874015748031495,-1.2121212121212122,0.81799591002045,-16.274509803921568,47.07259953161593
359,359,25054023,-8.403361344537815,-0.6880733944954129,3.79746835443038,-6.300813008130081,0.4291845493562232,6.196581196581197,10.666666666666668,-7.630522088353414,-2.7253668763102725,16.594827586206897
360,360,25046950,2.4017467248908297,-8.528784648187633,6.967213114754098,-10.153256704980842,3.411513859275053,0.6185567010309279,-0.41928721174004197,-4.0,10.922330097087379,10.284463894967178
361,361,25046764,-3.91304347826087,0.0,6.263498920086392,-10.569105691056912,8.423326133909287,-7.171314741035857,18.722466960352424,-17.25417439703154,-25.78125,14.473684210526317
362,362,25040600,-6.212424849699398,-4.487179487179487,8.151093439363818,-9.742647058823529,3.6885245901639343,0.3952569169960474,1.5473887814313347,-5.523809523809524,11.238532110091743,4.536082474226804
